-- phpMyAdmin SQL Dump
-- version 4.6.4
-- https://www.phpmyadmin.net/
--
-- Client :  127.0.0.1
-- Généré le :  Sam 18 Juillet 2020 à 21:11
-- Version du serveur :  5.7.14
-- Version de PHP :  7.0.10

SET SQL_MODE = "NO_AUTO_VALUE_ON_ZERO";
SET time_zone = "+00:00";


/*!40101 SET @OLD_CHARACTER_SET_CLIENT=@@CHARACTER_SET_CLIENT */;
/*!40101 SET @OLD_CHARACTER_SET_RESULTS=@@CHARACTER_SET_RESULTS */;
/*!40101 SET @OLD_COLLATION_CONNECTION=@@COLLATION_CONNECTION */;
/*!40101 SET NAMES utf8mb4 */;

--
-- Base de données :  `db_cinema`
--

-- --------------------------------------------------------

--
-- Structure de la table `categorie`
--

CREATE TABLE `categorie` (
  `id` bigint(20) NOT NULL,
  `name` varchar(75) DEFAULT NULL
) ENGINE=MyISAM DEFAULT CHARSET=latin1;

--
-- Contenu de la table `categorie`
--

INSERT INTO `categorie` (`id`, `name`) VALUES
(1, 'Historique'),
(2, 'Fiction'),
(3, 'Drama');

-- --------------------------------------------------------

--
-- Structure de la table `cinema`
--

CREATE TABLE `cinema` (
  `id` bigint(20) NOT NULL,
  `altitude` double NOT NULL,
  `latitude` double NOT NULL,
  `longitude` double NOT NULL,
  `name` varchar(255) DEFAULT NULL,
  `nombre_salles` int(11) NOT NULL,
  `ville_id` bigint(20) DEFAULT NULL
) ENGINE=MyISAM DEFAULT CHARSET=latin1;

--
-- Contenu de la table `cinema`
--

INSERT INTO `cinema` (`id`, `altitude`, `latitude`, `longitude`, `name`, `nombre_salles`, `ville_id`) VALUES
(1, 0, 0, 0, 'Mega RAMA', 5, 1),
(2, 0, 0, 0, 'IMAX', 4, 1),
(3, 0, 0, 0, 'FOUNOUN', 6, 1),
(4, 0, 0, 0, 'Mega RAMA', 8, 2),
(5, 0, 0, 0, 'IMAX', 3, 2),
(6, 0, 0, 0, 'FOUNOUN', 6, 2),
(7, 0, 0, 0, 'Mega RAMA', 8, 3),
(8, 0, 0, 0, 'IMAX', 5, 3),
(9, 0, 0, 0, 'FOUNOUN', 3, 3);

-- --------------------------------------------------------

--
-- Structure de la table `film`
--

CREATE TABLE `film` (
  `id` bigint(20) NOT NULL,
  `date_sortie` datetime DEFAULT NULL,
  `description` varchar(255) DEFAULT NULL,
  `duree` double NOT NULL,
  `photo` varchar(255) DEFAULT NULL,
  `realisateur` varchar(255) DEFAULT NULL,
  `titre` varchar(255) DEFAULT NULL,
  `categorie_id` bigint(20) DEFAULT NULL
) ENGINE=MyISAM DEFAULT CHARSET=latin1;

--
-- Contenu de la table `film`
--

INSERT INTO `film` (`id`, `date_sortie`, `description`, `duree`, `photo`, `realisateur`, `titre`, `categorie_id`) VALUES
(1, NULL, NULL, 1.5, '12Hommesencolere.jpg', NULL, '12 Hommes en colere', 2),
(2, NULL, NULL, 3, 'ForrestGump.jpg', NULL, 'Forrest Gump', 3),
(3, NULL, NULL, 2.5, 'GreenBook.jpg', NULL, 'Green Book', 2),
(4, NULL, NULL, 1.5, 'LaligneVerte.jpg', NULL, 'La ligne Verte', 3),
(5, NULL, NULL, 1.5, 'LeParrain.jpg', NULL, 'Le Parrain', 1),
(6, NULL, NULL, 2.5, 'LeSeigneurDesAnneaux.jpg', NULL, 'Le Seigneur Des Anneaux', 1);

-- --------------------------------------------------------

--
-- Structure de la table `place`
--

CREATE TABLE `place` (
  `id` bigint(20) NOT NULL,
  `altitude` double NOT NULL,
  `latitude` double NOT NULL,
  `longitude` double NOT NULL,
  `numero` int(11) NOT NULL,
  `salle_id` bigint(20) DEFAULT NULL
) ENGINE=MyISAM DEFAULT CHARSET=latin1;

--
-- Contenu de la table `place`
--

INSERT INTO `place` (`id`, `altitude`, `latitude`, `longitude`, `numero`, `salle_id`) VALUES
(1, 0, 0, 0, 1, 1),
(2, 0, 0, 0, 2, 1),
(3, 0, 0, 0, 3, 1),
(4, 0, 0, 0, 4, 1),
(5, 0, 0, 0, 5, 1),
(6, 0, 0, 0, 6, 1),
(7, 0, 0, 0, 7, 1),
(8, 0, 0, 0, 8, 1),
(9, 0, 0, 0, 9, 1),
(10, 0, 0, 0, 10, 1),
(11, 0, 0, 0, 11, 1),
(12, 0, 0, 0, 12, 1),
(13, 0, 0, 0, 13, 1),
(14, 0, 0, 0, 14, 1),
(15, 0, 0, 0, 15, 1),
(16, 0, 0, 0, 16, 1),
(17, 0, 0, 0, 17, 1),
(18, 0, 0, 0, 18, 1),
(19, 0, 0, 0, 19, 1),
(20, 0, 0, 0, 20, 1),
(21, 0, 0, 0, 21, 1),
(22, 0, 0, 0, 22, 1),
(23, 0, 0, 0, 23, 1),
(24, 0, 0, 0, 24, 1),
(25, 0, 0, 0, 25, 1),
(26, 0, 0, 0, 26, 1),
(27, 0, 0, 0, 27, 1),
(28, 0, 0, 0, 28, 1),
(29, 0, 0, 0, 29, 1),
(30, 0, 0, 0, 30, 1),
(31, 0, 0, 0, 31, 1),
(32, 0, 0, 0, 32, 1),
(33, 0, 0, 0, 33, 1),
(34, 0, 0, 0, 34, 1),
(35, 0, 0, 0, 1, 2),
(36, 0, 0, 0, 2, 2),
(37, 0, 0, 0, 3, 2),
(38, 0, 0, 0, 4, 2),
(39, 0, 0, 0, 5, 2),
(40, 0, 0, 0, 6, 2),
(41, 0, 0, 0, 7, 2),
(42, 0, 0, 0, 8, 2),
(43, 0, 0, 0, 9, 2),
(44, 0, 0, 0, 10, 2),
(45, 0, 0, 0, 11, 2),
(46, 0, 0, 0, 12, 2),
(47, 0, 0, 0, 13, 2),
(48, 0, 0, 0, 14, 2),
(49, 0, 0, 0, 15, 2),
(50, 0, 0, 0, 16, 2),
(51, 0, 0, 0, 17, 2),
(52, 0, 0, 0, 18, 2),
(53, 0, 0, 0, 19, 2),
(54, 0, 0, 0, 20, 2),
(55, 0, 0, 0, 21, 2),
(56, 0, 0, 0, 22, 2),
(57, 0, 0, 0, 23, 2),
(58, 0, 0, 0, 24, 2),
(59, 0, 0, 0, 25, 2),
(60, 0, 0, 0, 26, 2),
(61, 0, 0, 0, 27, 2),
(62, 0, 0, 0, 1, 3),
(63, 0, 0, 0, 2, 3),
(64, 0, 0, 0, 3, 3),
(65, 0, 0, 0, 4, 3),
(66, 0, 0, 0, 5, 3),
(67, 0, 0, 0, 6, 3),
(68, 0, 0, 0, 7, 3),
(69, 0, 0, 0, 8, 3),
(70, 0, 0, 0, 9, 3),
(71, 0, 0, 0, 10, 3),
(72, 0, 0, 0, 11, 3),
(73, 0, 0, 0, 12, 3),
(74, 0, 0, 0, 13, 3),
(75, 0, 0, 0, 14, 3),
(76, 0, 0, 0, 15, 3),
(77, 0, 0, 0, 16, 3),
(78, 0, 0, 0, 17, 3),
(79, 0, 0, 0, 18, 3),
(80, 0, 0, 0, 19, 3),
(81, 0, 0, 0, 20, 3),
(82, 0, 0, 0, 21, 3),
(83, 0, 0, 0, 22, 3),
(84, 0, 0, 0, 23, 3),
(85, 0, 0, 0, 24, 3),
(86, 0, 0, 0, 25, 3),
(87, 0, 0, 0, 26, 3),
(88, 0, 0, 0, 27, 3),
(89, 0, 0, 0, 28, 3),
(90, 0, 0, 0, 29, 3),
(91, 0, 0, 0, 30, 3),
(92, 0, 0, 0, 31, 3),
(93, 0, 0, 0, 32, 3),
(94, 0, 0, 0, 33, 3),
(95, 0, 0, 0, 34, 3),
(96, 0, 0, 0, 1, 4),
(97, 0, 0, 0, 2, 4),
(98, 0, 0, 0, 3, 4),
(99, 0, 0, 0, 4, 4),
(100, 0, 0, 0, 5, 4),
(101, 0, 0, 0, 6, 4),
(102, 0, 0, 0, 7, 4),
(103, 0, 0, 0, 8, 4),
(104, 0, 0, 0, 9, 4),
(105, 0, 0, 0, 10, 4),
(106, 0, 0, 0, 11, 4),
(107, 0, 0, 0, 12, 4),
(108, 0, 0, 0, 13, 4),
(109, 0, 0, 0, 14, 4),
(110, 0, 0, 0, 15, 4),
(111, 0, 0, 0, 16, 4),
(112, 0, 0, 0, 17, 4),
(113, 0, 0, 0, 1, 5),
(114, 0, 0, 0, 2, 5),
(115, 0, 0, 0, 3, 5),
(116, 0, 0, 0, 4, 5),
(117, 0, 0, 0, 5, 5),
(118, 0, 0, 0, 6, 5),
(119, 0, 0, 0, 7, 5),
(120, 0, 0, 0, 8, 5),
(121, 0, 0, 0, 9, 5),
(122, 0, 0, 0, 10, 5),
(123, 0, 0, 0, 11, 5),
(124, 0, 0, 0, 12, 5),
(125, 0, 0, 0, 13, 5),
(126, 0, 0, 0, 14, 5),
(127, 0, 0, 0, 15, 5),
(128, 0, 0, 0, 16, 5),
(129, 0, 0, 0, 17, 5),
(130, 0, 0, 0, 18, 5),
(131, 0, 0, 0, 19, 5),
(132, 0, 0, 0, 20, 5),
(133, 0, 0, 0, 21, 5),
(134, 0, 0, 0, 22, 5),
(135, 0, 0, 0, 23, 5),
(136, 0, 0, 0, 24, 5),
(137, 0, 0, 0, 25, 5),
(138, 0, 0, 0, 26, 5),
(139, 0, 0, 0, 27, 5),
(140, 0, 0, 0, 28, 5),
(141, 0, 0, 0, 29, 5),
(142, 0, 0, 0, 30, 5),
(143, 0, 0, 0, 31, 5),
(144, 0, 0, 0, 32, 5),
(145, 0, 0, 0, 33, 5),
(146, 0, 0, 0, 1, 6),
(147, 0, 0, 0, 2, 6),
(148, 0, 0, 0, 3, 6),
(149, 0, 0, 0, 4, 6),
(150, 0, 0, 0, 5, 6),
(151, 0, 0, 0, 6, 6),
(152, 0, 0, 0, 7, 6),
(153, 0, 0, 0, 8, 6),
(154, 0, 0, 0, 9, 6),
(155, 0, 0, 0, 10, 6),
(156, 0, 0, 0, 11, 6),
(157, 0, 0, 0, 12, 6),
(158, 0, 0, 0, 13, 6),
(159, 0, 0, 0, 14, 6),
(160, 0, 0, 0, 15, 6),
(161, 0, 0, 0, 16, 6),
(162, 0, 0, 0, 17, 6),
(163, 0, 0, 0, 18, 6),
(164, 0, 0, 0, 19, 6),
(165, 0, 0, 0, 20, 6),
(166, 0, 0, 0, 21, 6),
(167, 0, 0, 0, 22, 6),
(168, 0, 0, 0, 23, 6),
(169, 0, 0, 0, 24, 6),
(170, 0, 0, 0, 25, 6),
(171, 0, 0, 0, 1, 7),
(172, 0, 0, 0, 2, 7),
(173, 0, 0, 0, 3, 7),
(174, 0, 0, 0, 4, 7),
(175, 0, 0, 0, 5, 7),
(176, 0, 0, 0, 6, 7),
(177, 0, 0, 0, 7, 7),
(178, 0, 0, 0, 8, 7),
(179, 0, 0, 0, 9, 7),
(180, 0, 0, 0, 10, 7),
(181, 0, 0, 0, 11, 7),
(182, 0, 0, 0, 12, 7),
(183, 0, 0, 0, 13, 7),
(184, 0, 0, 0, 14, 7),
(185, 0, 0, 0, 15, 7),
(186, 0, 0, 0, 16, 7),
(187, 0, 0, 0, 17, 7),
(188, 0, 0, 0, 18, 7),
(189, 0, 0, 0, 19, 7),
(190, 0, 0, 0, 20, 7),
(191, 0, 0, 0, 21, 7),
(192, 0, 0, 0, 22, 7),
(193, 0, 0, 0, 23, 7),
(194, 0, 0, 0, 24, 7),
(195, 0, 0, 0, 25, 7),
(196, 0, 0, 0, 26, 7),
(197, 0, 0, 0, 27, 7),
(198, 0, 0, 0, 28, 7),
(199, 0, 0, 0, 29, 7),
(200, 0, 0, 0, 30, 7),
(201, 0, 0, 0, 31, 7),
(202, 0, 0, 0, 32, 7),
(203, 0, 0, 0, 33, 7),
(204, 0, 0, 0, 1, 8),
(205, 0, 0, 0, 2, 8),
(206, 0, 0, 0, 3, 8),
(207, 0, 0, 0, 4, 8),
(208, 0, 0, 0, 5, 8),
(209, 0, 0, 0, 6, 8),
(210, 0, 0, 0, 7, 8),
(211, 0, 0, 0, 8, 8),
(212, 0, 0, 0, 9, 8),
(213, 0, 0, 0, 10, 8),
(214, 0, 0, 0, 11, 8),
(215, 0, 0, 0, 12, 8),
(216, 0, 0, 0, 13, 8),
(217, 0, 0, 0, 14, 8),
(218, 0, 0, 0, 15, 8),
(219, 0, 0, 0, 16, 8),
(220, 0, 0, 0, 17, 8),
(221, 0, 0, 0, 18, 8),
(222, 0, 0, 0, 19, 8),
(223, 0, 0, 0, 20, 8),
(224, 0, 0, 0, 21, 8),
(225, 0, 0, 0, 22, 8),
(226, 0, 0, 0, 23, 8),
(227, 0, 0, 0, 24, 8),
(228, 0, 0, 0, 25, 8),
(229, 0, 0, 0, 26, 8),
(230, 0, 0, 0, 27, 8),
(231, 0, 0, 0, 28, 8),
(232, 0, 0, 0, 29, 8),
(233, 0, 0, 0, 30, 8),
(234, 0, 0, 0, 31, 8),
(235, 0, 0, 0, 32, 8),
(236, 0, 0, 0, 1, 9),
(237, 0, 0, 0, 2, 9),
(238, 0, 0, 0, 3, 9),
(239, 0, 0, 0, 4, 9),
(240, 0, 0, 0, 5, 9),
(241, 0, 0, 0, 6, 9),
(242, 0, 0, 0, 7, 9),
(243, 0, 0, 0, 8, 9),
(244, 0, 0, 0, 9, 9),
(245, 0, 0, 0, 10, 9),
(246, 0, 0, 0, 11, 9),
(247, 0, 0, 0, 12, 9),
(248, 0, 0, 0, 13, 9),
(249, 0, 0, 0, 14, 9),
(250, 0, 0, 0, 15, 9),
(251, 0, 0, 0, 16, 9),
(252, 0, 0, 0, 17, 9),
(253, 0, 0, 0, 18, 9),
(254, 0, 0, 0, 1, 10),
(255, 0, 0, 0, 2, 10),
(256, 0, 0, 0, 3, 10),
(257, 0, 0, 0, 4, 10),
(258, 0, 0, 0, 5, 10),
(259, 0, 0, 0, 6, 10),
(260, 0, 0, 0, 7, 10),
(261, 0, 0, 0, 8, 10),
(262, 0, 0, 0, 9, 10),
(263, 0, 0, 0, 10, 10),
(264, 0, 0, 0, 11, 10),
(265, 0, 0, 0, 12, 10),
(266, 0, 0, 0, 13, 10),
(267, 0, 0, 0, 14, 10),
(268, 0, 0, 0, 15, 10),
(269, 0, 0, 0, 16, 10),
(270, 0, 0, 0, 17, 10),
(271, 0, 0, 0, 18, 10),
(272, 0, 0, 0, 19, 10),
(273, 0, 0, 0, 20, 10),
(274, 0, 0, 0, 21, 10),
(275, 0, 0, 0, 22, 10),
(276, 0, 0, 0, 23, 10),
(277, 0, 0, 0, 24, 10),
(278, 0, 0, 0, 1, 11),
(279, 0, 0, 0, 2, 11),
(280, 0, 0, 0, 3, 11),
(281, 0, 0, 0, 4, 11),
(282, 0, 0, 0, 5, 11),
(283, 0, 0, 0, 6, 11),
(284, 0, 0, 0, 7, 11),
(285, 0, 0, 0, 8, 11),
(286, 0, 0, 0, 9, 11),
(287, 0, 0, 0, 10, 11),
(288, 0, 0, 0, 11, 11),
(289, 0, 0, 0, 12, 11),
(290, 0, 0, 0, 13, 11),
(291, 0, 0, 0, 14, 11),
(292, 0, 0, 0, 15, 11),
(293, 0, 0, 0, 16, 11),
(294, 0, 0, 0, 17, 11),
(295, 0, 0, 0, 18, 11),
(296, 0, 0, 0, 19, 11),
(297, 0, 0, 0, 20, 11),
(298, 0, 0, 0, 21, 11),
(299, 0, 0, 0, 22, 11),
(300, 0, 0, 0, 23, 11),
(301, 0, 0, 0, 24, 11),
(302, 0, 0, 0, 25, 11),
(303, 0, 0, 0, 26, 11),
(304, 0, 0, 0, 27, 11),
(305, 0, 0, 0, 28, 11),
(306, 0, 0, 0, 29, 11),
(307, 0, 0, 0, 30, 11),
(308, 0, 0, 0, 31, 11),
(309, 0, 0, 0, 1, 12),
(310, 0, 0, 0, 2, 12),
(311, 0, 0, 0, 3, 12),
(312, 0, 0, 0, 4, 12),
(313, 0, 0, 0, 5, 12),
(314, 0, 0, 0, 6, 12),
(315, 0, 0, 0, 7, 12),
(316, 0, 0, 0, 8, 12),
(317, 0, 0, 0, 9, 12),
(318, 0, 0, 0, 10, 12),
(319, 0, 0, 0, 11, 12),
(320, 0, 0, 0, 12, 12),
(321, 0, 0, 0, 13, 12),
(322, 0, 0, 0, 14, 12),
(323, 0, 0, 0, 15, 12),
(324, 0, 0, 0, 16, 12),
(325, 0, 0, 0, 17, 12),
(326, 0, 0, 0, 18, 12),
(327, 0, 0, 0, 19, 12),
(328, 0, 0, 0, 1, 13),
(329, 0, 0, 0, 2, 13),
(330, 0, 0, 0, 3, 13),
(331, 0, 0, 0, 4, 13),
(332, 0, 0, 0, 5, 13),
(333, 0, 0, 0, 6, 13),
(334, 0, 0, 0, 7, 13),
(335, 0, 0, 0, 8, 13),
(336, 0, 0, 0, 9, 13),
(337, 0, 0, 0, 10, 13),
(338, 0, 0, 0, 11, 13),
(339, 0, 0, 0, 12, 13),
(340, 0, 0, 0, 13, 13),
(341, 0, 0, 0, 14, 13),
(342, 0, 0, 0, 15, 13),
(343, 0, 0, 0, 16, 13),
(344, 0, 0, 0, 17, 13),
(345, 0, 0, 0, 18, 13),
(346, 0, 0, 0, 19, 13),
(347, 0, 0, 0, 20, 13),
(348, 0, 0, 0, 21, 13),
(349, 0, 0, 0, 22, 13),
(350, 0, 0, 0, 23, 13),
(351, 0, 0, 0, 24, 13),
(352, 0, 0, 0, 25, 13),
(353, 0, 0, 0, 26, 13),
(354, 0, 0, 0, 1, 14),
(355, 0, 0, 0, 2, 14),
(356, 0, 0, 0, 3, 14),
(357, 0, 0, 0, 4, 14),
(358, 0, 0, 0, 5, 14),
(359, 0, 0, 0, 6, 14),
(360, 0, 0, 0, 7, 14),
(361, 0, 0, 0, 8, 14),
(362, 0, 0, 0, 9, 14),
(363, 0, 0, 0, 10, 14),
(364, 0, 0, 0, 11, 14),
(365, 0, 0, 0, 12, 14),
(366, 0, 0, 0, 13, 14),
(367, 0, 0, 0, 14, 14),
(368, 0, 0, 0, 15, 14),
(369, 0, 0, 0, 16, 14),
(370, 0, 0, 0, 17, 14),
(371, 0, 0, 0, 18, 14),
(372, 0, 0, 0, 19, 14),
(373, 0, 0, 0, 20, 14),
(374, 0, 0, 0, 21, 14),
(375, 0, 0, 0, 22, 14),
(376, 0, 0, 0, 23, 14),
(377, 0, 0, 0, 24, 14),
(378, 0, 0, 0, 25, 14),
(379, 0, 0, 0, 26, 14),
(380, 0, 0, 0, 27, 14),
(381, 0, 0, 0, 1, 15),
(382, 0, 0, 0, 2, 15),
(383, 0, 0, 0, 3, 15),
(384, 0, 0, 0, 4, 15),
(385, 0, 0, 0, 5, 15),
(386, 0, 0, 0, 6, 15),
(387, 0, 0, 0, 7, 15),
(388, 0, 0, 0, 8, 15),
(389, 0, 0, 0, 9, 15),
(390, 0, 0, 0, 10, 15),
(391, 0, 0, 0, 11, 15),
(392, 0, 0, 0, 12, 15),
(393, 0, 0, 0, 13, 15),
(394, 0, 0, 0, 14, 15),
(395, 0, 0, 0, 15, 15),
(396, 0, 0, 0, 16, 15),
(397, 0, 0, 0, 17, 15),
(398, 0, 0, 0, 18, 15),
(399, 0, 0, 0, 19, 15),
(400, 0, 0, 0, 20, 15),
(401, 0, 0, 0, 21, 15),
(402, 0, 0, 0, 22, 15),
(403, 0, 0, 0, 23, 15),
(404, 0, 0, 0, 24, 15),
(405, 0, 0, 0, 1, 16),
(406, 0, 0, 0, 2, 16),
(407, 0, 0, 0, 3, 16),
(408, 0, 0, 0, 4, 16),
(409, 0, 0, 0, 5, 16),
(410, 0, 0, 0, 6, 16),
(411, 0, 0, 0, 7, 16),
(412, 0, 0, 0, 8, 16),
(413, 0, 0, 0, 9, 16),
(414, 0, 0, 0, 10, 16),
(415, 0, 0, 0, 11, 16),
(416, 0, 0, 0, 12, 16),
(417, 0, 0, 0, 13, 16),
(418, 0, 0, 0, 14, 16),
(419, 0, 0, 0, 15, 16),
(420, 0, 0, 0, 16, 16),
(421, 0, 0, 0, 1, 17),
(422, 0, 0, 0, 2, 17),
(423, 0, 0, 0, 3, 17),
(424, 0, 0, 0, 4, 17),
(425, 0, 0, 0, 5, 17),
(426, 0, 0, 0, 6, 17),
(427, 0, 0, 0, 7, 17),
(428, 0, 0, 0, 8, 17),
(429, 0, 0, 0, 9, 17),
(430, 0, 0, 0, 10, 17),
(431, 0, 0, 0, 11, 17),
(432, 0, 0, 0, 12, 17),
(433, 0, 0, 0, 13, 17),
(434, 0, 0, 0, 14, 17),
(435, 0, 0, 0, 15, 17),
(436, 0, 0, 0, 16, 17),
(437, 0, 0, 0, 17, 17),
(438, 0, 0, 0, 18, 17),
(439, 0, 0, 0, 19, 17),
(440, 0, 0, 0, 20, 17),
(441, 0, 0, 0, 21, 17),
(442, 0, 0, 0, 22, 17),
(443, 0, 0, 0, 23, 17),
(444, 0, 0, 0, 24, 17),
(445, 0, 0, 0, 1, 18),
(446, 0, 0, 0, 2, 18),
(447, 0, 0, 0, 3, 18),
(448, 0, 0, 0, 4, 18),
(449, 0, 0, 0, 5, 18),
(450, 0, 0, 0, 6, 18),
(451, 0, 0, 0, 7, 18),
(452, 0, 0, 0, 8, 18),
(453, 0, 0, 0, 9, 18),
(454, 0, 0, 0, 10, 18),
(455, 0, 0, 0, 11, 18),
(456, 0, 0, 0, 12, 18),
(457, 0, 0, 0, 13, 18),
(458, 0, 0, 0, 14, 18),
(459, 0, 0, 0, 15, 18),
(460, 0, 0, 0, 16, 18),
(461, 0, 0, 0, 17, 18),
(462, 0, 0, 0, 18, 18),
(463, 0, 0, 0, 19, 18),
(464, 0, 0, 0, 20, 18),
(465, 0, 0, 0, 21, 18),
(466, 0, 0, 0, 22, 18),
(467, 0, 0, 0, 23, 18),
(468, 0, 0, 0, 24, 18),
(469, 0, 0, 0, 25, 18),
(470, 0, 0, 0, 26, 18),
(471, 0, 0, 0, 27, 18),
(472, 0, 0, 0, 28, 18),
(473, 0, 0, 0, 1, 19),
(474, 0, 0, 0, 2, 19),
(475, 0, 0, 0, 3, 19),
(476, 0, 0, 0, 4, 19),
(477, 0, 0, 0, 5, 19),
(478, 0, 0, 0, 6, 19),
(479, 0, 0, 0, 7, 19),
(480, 0, 0, 0, 8, 19),
(481, 0, 0, 0, 9, 19),
(482, 0, 0, 0, 10, 19),
(483, 0, 0, 0, 11, 19),
(484, 0, 0, 0, 12, 19),
(485, 0, 0, 0, 13, 19),
(486, 0, 0, 0, 14, 19),
(487, 0, 0, 0, 15, 19),
(488, 0, 0, 0, 16, 19),
(489, 0, 0, 0, 17, 19),
(490, 0, 0, 0, 18, 19),
(491, 0, 0, 0, 19, 19),
(492, 0, 0, 0, 20, 19),
(493, 0, 0, 0, 21, 19),
(494, 0, 0, 0, 22, 19),
(495, 0, 0, 0, 23, 19),
(496, 0, 0, 0, 24, 19),
(497, 0, 0, 0, 25, 19),
(498, 0, 0, 0, 26, 19),
(499, 0, 0, 0, 27, 19),
(500, 0, 0, 0, 28, 19),
(501, 0, 0, 0, 29, 19),
(502, 0, 0, 0, 1, 20),
(503, 0, 0, 0, 2, 20),
(504, 0, 0, 0, 3, 20),
(505, 0, 0, 0, 4, 20),
(506, 0, 0, 0, 5, 20),
(507, 0, 0, 0, 6, 20),
(508, 0, 0, 0, 7, 20),
(509, 0, 0, 0, 8, 20),
(510, 0, 0, 0, 9, 20),
(511, 0, 0, 0, 10, 20),
(512, 0, 0, 0, 11, 20),
(513, 0, 0, 0, 12, 20),
(514, 0, 0, 0, 13, 20),
(515, 0, 0, 0, 14, 20),
(516, 0, 0, 0, 15, 20),
(517, 0, 0, 0, 16, 20),
(518, 0, 0, 0, 17, 20),
(519, 0, 0, 0, 18, 20),
(520, 0, 0, 0, 19, 20),
(521, 0, 0, 0, 20, 20),
(522, 0, 0, 0, 21, 20),
(523, 0, 0, 0, 22, 20),
(524, 0, 0, 0, 23, 20),
(525, 0, 0, 0, 24, 20),
(526, 0, 0, 0, 25, 20),
(527, 0, 0, 0, 26, 20),
(528, 0, 0, 0, 27, 20),
(529, 0, 0, 0, 28, 20),
(530, 0, 0, 0, 29, 20),
(531, 0, 0, 0, 30, 20),
(532, 0, 0, 0, 31, 20),
(533, 0, 0, 0, 1, 21),
(534, 0, 0, 0, 2, 21),
(535, 0, 0, 0, 3, 21),
(536, 0, 0, 0, 4, 21),
(537, 0, 0, 0, 5, 21),
(538, 0, 0, 0, 6, 21),
(539, 0, 0, 0, 7, 21),
(540, 0, 0, 0, 8, 21),
(541, 0, 0, 0, 9, 21),
(542, 0, 0, 0, 10, 21),
(543, 0, 0, 0, 11, 21),
(544, 0, 0, 0, 12, 21),
(545, 0, 0, 0, 13, 21),
(546, 0, 0, 0, 14, 21),
(547, 0, 0, 0, 15, 21),
(548, 0, 0, 0, 16, 21),
(549, 0, 0, 0, 17, 21),
(550, 0, 0, 0, 1, 22),
(551, 0, 0, 0, 2, 22),
(552, 0, 0, 0, 3, 22),
(553, 0, 0, 0, 4, 22),
(554, 0, 0, 0, 5, 22),
(555, 0, 0, 0, 6, 22),
(556, 0, 0, 0, 7, 22),
(557, 0, 0, 0, 8, 22),
(558, 0, 0, 0, 9, 22),
(559, 0, 0, 0, 10, 22),
(560, 0, 0, 0, 11, 22),
(561, 0, 0, 0, 12, 22),
(562, 0, 0, 0, 13, 22),
(563, 0, 0, 0, 14, 22),
(564, 0, 0, 0, 15, 22),
(565, 0, 0, 0, 16, 22),
(566, 0, 0, 0, 17, 22),
(567, 0, 0, 0, 18, 22),
(568, 0, 0, 0, 19, 22),
(569, 0, 0, 0, 20, 22),
(570, 0, 0, 0, 21, 22),
(571, 0, 0, 0, 22, 22),
(572, 0, 0, 0, 23, 22),
(573, 0, 0, 0, 24, 22),
(574, 0, 0, 0, 25, 22),
(575, 0, 0, 0, 26, 22),
(576, 0, 0, 0, 27, 22),
(577, 0, 0, 0, 28, 22),
(578, 0, 0, 0, 29, 22),
(579, 0, 0, 0, 30, 22),
(580, 0, 0, 0, 31, 22),
(581, 0, 0, 0, 32, 22),
(582, 0, 0, 0, 33, 22),
(583, 0, 0, 0, 34, 22),
(584, 0, 0, 0, 1, 23),
(585, 0, 0, 0, 2, 23),
(586, 0, 0, 0, 3, 23),
(587, 0, 0, 0, 4, 23),
(588, 0, 0, 0, 5, 23),
(589, 0, 0, 0, 6, 23),
(590, 0, 0, 0, 7, 23),
(591, 0, 0, 0, 8, 23),
(592, 0, 0, 0, 9, 23),
(593, 0, 0, 0, 10, 23),
(594, 0, 0, 0, 11, 23),
(595, 0, 0, 0, 12, 23),
(596, 0, 0, 0, 13, 23),
(597, 0, 0, 0, 14, 23),
(598, 0, 0, 0, 15, 23),
(599, 0, 0, 0, 16, 23),
(600, 0, 0, 0, 17, 23),
(601, 0, 0, 0, 1, 24),
(602, 0, 0, 0, 2, 24),
(603, 0, 0, 0, 3, 24),
(604, 0, 0, 0, 4, 24),
(605, 0, 0, 0, 5, 24),
(606, 0, 0, 0, 6, 24),
(607, 0, 0, 0, 7, 24),
(608, 0, 0, 0, 8, 24),
(609, 0, 0, 0, 9, 24),
(610, 0, 0, 0, 10, 24),
(611, 0, 0, 0, 11, 24),
(612, 0, 0, 0, 12, 24),
(613, 0, 0, 0, 13, 24),
(614, 0, 0, 0, 14, 24),
(615, 0, 0, 0, 15, 24),
(616, 0, 0, 0, 16, 24),
(617, 0, 0, 0, 17, 24),
(618, 0, 0, 0, 18, 24),
(619, 0, 0, 0, 19, 24),
(620, 0, 0, 0, 20, 24),
(621, 0, 0, 0, 1, 25),
(622, 0, 0, 0, 2, 25),
(623, 0, 0, 0, 3, 25),
(624, 0, 0, 0, 4, 25),
(625, 0, 0, 0, 5, 25),
(626, 0, 0, 0, 6, 25),
(627, 0, 0, 0, 7, 25),
(628, 0, 0, 0, 8, 25),
(629, 0, 0, 0, 9, 25),
(630, 0, 0, 0, 10, 25),
(631, 0, 0, 0, 11, 25),
(632, 0, 0, 0, 12, 25),
(633, 0, 0, 0, 13, 25),
(634, 0, 0, 0, 14, 25),
(635, 0, 0, 0, 15, 25),
(636, 0, 0, 0, 16, 25),
(637, 0, 0, 0, 17, 25),
(638, 0, 0, 0, 18, 25),
(639, 0, 0, 0, 19, 25),
(640, 0, 0, 0, 20, 25),
(641, 0, 0, 0, 21, 25),
(642, 0, 0, 0, 22, 25),
(643, 0, 0, 0, 23, 25),
(644, 0, 0, 0, 24, 25),
(645, 0, 0, 0, 25, 25),
(646, 0, 0, 0, 26, 25),
(647, 0, 0, 0, 27, 25),
(648, 0, 0, 0, 28, 25),
(649, 0, 0, 0, 29, 25),
(650, 0, 0, 0, 30, 25),
(651, 0, 0, 0, 31, 25),
(652, 0, 0, 0, 32, 25),
(653, 0, 0, 0, 1, 26),
(654, 0, 0, 0, 2, 26),
(655, 0, 0, 0, 3, 26),
(656, 0, 0, 0, 4, 26),
(657, 0, 0, 0, 5, 26),
(658, 0, 0, 0, 6, 26),
(659, 0, 0, 0, 7, 26),
(660, 0, 0, 0, 8, 26),
(661, 0, 0, 0, 9, 26),
(662, 0, 0, 0, 10, 26),
(663, 0, 0, 0, 11, 26),
(664, 0, 0, 0, 12, 26),
(665, 0, 0, 0, 13, 26),
(666, 0, 0, 0, 14, 26),
(667, 0, 0, 0, 15, 26),
(668, 0, 0, 0, 16, 26),
(669, 0, 0, 0, 17, 26),
(670, 0, 0, 0, 18, 26),
(671, 0, 0, 0, 19, 26),
(672, 0, 0, 0, 20, 26),
(673, 0, 0, 0, 21, 26),
(674, 0, 0, 0, 22, 26),
(675, 0, 0, 0, 23, 26),
(676, 0, 0, 0, 24, 26),
(677, 0, 0, 0, 25, 26),
(678, 0, 0, 0, 26, 26),
(679, 0, 0, 0, 27, 26),
(680, 0, 0, 0, 28, 26),
(681, 0, 0, 0, 29, 26),
(682, 0, 0, 0, 30, 26),
(683, 0, 0, 0, 1, 27),
(684, 0, 0, 0, 2, 27),
(685, 0, 0, 0, 3, 27),
(686, 0, 0, 0, 4, 27),
(687, 0, 0, 0, 5, 27),
(688, 0, 0, 0, 6, 27),
(689, 0, 0, 0, 7, 27),
(690, 0, 0, 0, 8, 27),
(691, 0, 0, 0, 9, 27),
(692, 0, 0, 0, 10, 27),
(693, 0, 0, 0, 11, 27),
(694, 0, 0, 0, 12, 27),
(695, 0, 0, 0, 13, 27),
(696, 0, 0, 0, 14, 27),
(697, 0, 0, 0, 15, 27),
(698, 0, 0, 0, 16, 27),
(699, 0, 0, 0, 17, 27),
(700, 0, 0, 0, 18, 27),
(701, 0, 0, 0, 19, 27),
(702, 0, 0, 0, 1, 28),
(703, 0, 0, 0, 2, 28),
(704, 0, 0, 0, 3, 28),
(705, 0, 0, 0, 4, 28),
(706, 0, 0, 0, 5, 28),
(707, 0, 0, 0, 6, 28),
(708, 0, 0, 0, 7, 28),
(709, 0, 0, 0, 8, 28),
(710, 0, 0, 0, 9, 28),
(711, 0, 0, 0, 10, 28),
(712, 0, 0, 0, 11, 28),
(713, 0, 0, 0, 12, 28),
(714, 0, 0, 0, 13, 28),
(715, 0, 0, 0, 14, 28),
(716, 0, 0, 0, 15, 28),
(717, 0, 0, 0, 16, 28),
(718, 0, 0, 0, 17, 28),
(719, 0, 0, 0, 18, 28),
(720, 0, 0, 0, 19, 28),
(721, 0, 0, 0, 20, 28),
(722, 0, 0, 0, 21, 28),
(723, 0, 0, 0, 22, 28),
(724, 0, 0, 0, 23, 28),
(725, 0, 0, 0, 24, 28),
(726, 0, 0, 0, 25, 28),
(727, 0, 0, 0, 26, 28),
(728, 0, 0, 0, 27, 28),
(729, 0, 0, 0, 28, 28),
(730, 0, 0, 0, 29, 28),
(731, 0, 0, 0, 30, 28),
(732, 0, 0, 0, 31, 28),
(733, 0, 0, 0, 1, 29),
(734, 0, 0, 0, 2, 29),
(735, 0, 0, 0, 3, 29),
(736, 0, 0, 0, 4, 29),
(737, 0, 0, 0, 5, 29),
(738, 0, 0, 0, 6, 29),
(739, 0, 0, 0, 7, 29),
(740, 0, 0, 0, 8, 29),
(741, 0, 0, 0, 9, 29),
(742, 0, 0, 0, 10, 29),
(743, 0, 0, 0, 11, 29),
(744, 0, 0, 0, 12, 29),
(745, 0, 0, 0, 13, 29),
(746, 0, 0, 0, 14, 29),
(747, 0, 0, 0, 15, 29),
(748, 0, 0, 0, 16, 29),
(749, 0, 0, 0, 17, 29),
(750, 0, 0, 0, 18, 29),
(751, 0, 0, 0, 19, 29),
(752, 0, 0, 0, 20, 29),
(753, 0, 0, 0, 21, 29),
(754, 0, 0, 0, 22, 29),
(755, 0, 0, 0, 23, 29),
(756, 0, 0, 0, 24, 29),
(757, 0, 0, 0, 25, 29),
(758, 0, 0, 0, 26, 29),
(759, 0, 0, 0, 27, 29),
(760, 0, 0, 0, 28, 29),
(761, 0, 0, 0, 29, 29),
(762, 0, 0, 0, 30, 29),
(763, 0, 0, 0, 31, 29),
(764, 0, 0, 0, 32, 29),
(765, 0, 0, 0, 1, 30),
(766, 0, 0, 0, 2, 30),
(767, 0, 0, 0, 3, 30),
(768, 0, 0, 0, 4, 30),
(769, 0, 0, 0, 5, 30),
(770, 0, 0, 0, 6, 30),
(771, 0, 0, 0, 7, 30),
(772, 0, 0, 0, 8, 30),
(773, 0, 0, 0, 9, 30),
(774, 0, 0, 0, 10, 30),
(775, 0, 0, 0, 11, 30),
(776, 0, 0, 0, 12, 30),
(777, 0, 0, 0, 13, 30),
(778, 0, 0, 0, 14, 30),
(779, 0, 0, 0, 15, 30),
(780, 0, 0, 0, 16, 30),
(781, 0, 0, 0, 17, 30),
(782, 0, 0, 0, 1, 31),
(783, 0, 0, 0, 2, 31),
(784, 0, 0, 0, 3, 31),
(785, 0, 0, 0, 4, 31),
(786, 0, 0, 0, 5, 31),
(787, 0, 0, 0, 6, 31),
(788, 0, 0, 0, 7, 31),
(789, 0, 0, 0, 8, 31),
(790, 0, 0, 0, 9, 31),
(791, 0, 0, 0, 10, 31),
(792, 0, 0, 0, 11, 31),
(793, 0, 0, 0, 12, 31),
(794, 0, 0, 0, 13, 31),
(795, 0, 0, 0, 14, 31),
(796, 0, 0, 0, 15, 31),
(797, 0, 0, 0, 16, 31),
(798, 0, 0, 0, 17, 31),
(799, 0, 0, 0, 1, 32),
(800, 0, 0, 0, 2, 32),
(801, 0, 0, 0, 3, 32),
(802, 0, 0, 0, 4, 32),
(803, 0, 0, 0, 5, 32),
(804, 0, 0, 0, 6, 32),
(805, 0, 0, 0, 7, 32),
(806, 0, 0, 0, 8, 32),
(807, 0, 0, 0, 9, 32),
(808, 0, 0, 0, 10, 32),
(809, 0, 0, 0, 11, 32),
(810, 0, 0, 0, 12, 32),
(811, 0, 0, 0, 13, 32),
(812, 0, 0, 0, 14, 32),
(813, 0, 0, 0, 15, 32),
(814, 0, 0, 0, 16, 32),
(815, 0, 0, 0, 17, 32),
(816, 0, 0, 0, 18, 32),
(817, 0, 0, 0, 19, 32),
(818, 0, 0, 0, 20, 32),
(819, 0, 0, 0, 21, 32),
(820, 0, 0, 0, 22, 32),
(821, 0, 0, 0, 23, 32),
(822, 0, 0, 0, 24, 32),
(823, 0, 0, 0, 25, 32),
(824, 0, 0, 0, 26, 32),
(825, 0, 0, 0, 27, 32),
(826, 0, 0, 0, 1, 33),
(827, 0, 0, 0, 2, 33),
(828, 0, 0, 0, 3, 33),
(829, 0, 0, 0, 4, 33),
(830, 0, 0, 0, 5, 33),
(831, 0, 0, 0, 6, 33),
(832, 0, 0, 0, 7, 33),
(833, 0, 0, 0, 8, 33),
(834, 0, 0, 0, 9, 33),
(835, 0, 0, 0, 10, 33),
(836, 0, 0, 0, 11, 33),
(837, 0, 0, 0, 12, 33),
(838, 0, 0, 0, 13, 33),
(839, 0, 0, 0, 14, 33),
(840, 0, 0, 0, 15, 33),
(841, 0, 0, 0, 16, 33),
(842, 0, 0, 0, 17, 33),
(843, 0, 0, 0, 1, 34),
(844, 0, 0, 0, 2, 34),
(845, 0, 0, 0, 3, 34),
(846, 0, 0, 0, 4, 34),
(847, 0, 0, 0, 5, 34),
(848, 0, 0, 0, 6, 34),
(849, 0, 0, 0, 7, 34),
(850, 0, 0, 0, 8, 34),
(851, 0, 0, 0, 9, 34),
(852, 0, 0, 0, 10, 34),
(853, 0, 0, 0, 11, 34),
(854, 0, 0, 0, 12, 34),
(855, 0, 0, 0, 13, 34),
(856, 0, 0, 0, 14, 34),
(857, 0, 0, 0, 15, 34),
(858, 0, 0, 0, 16, 34),
(859, 0, 0, 0, 17, 34),
(860, 0, 0, 0, 18, 34),
(861, 0, 0, 0, 19, 34),
(862, 0, 0, 0, 20, 34),
(863, 0, 0, 0, 21, 34),
(864, 0, 0, 0, 1, 35),
(865, 0, 0, 0, 2, 35),
(866, 0, 0, 0, 3, 35),
(867, 0, 0, 0, 4, 35),
(868, 0, 0, 0, 5, 35),
(869, 0, 0, 0, 6, 35),
(870, 0, 0, 0, 7, 35),
(871, 0, 0, 0, 8, 35),
(872, 0, 0, 0, 9, 35),
(873, 0, 0, 0, 10, 35),
(874, 0, 0, 0, 11, 35),
(875, 0, 0, 0, 12, 35),
(876, 0, 0, 0, 13, 35),
(877, 0, 0, 0, 14, 35),
(878, 0, 0, 0, 15, 35),
(879, 0, 0, 0, 16, 35),
(880, 0, 0, 0, 17, 35),
(881, 0, 0, 0, 18, 35),
(882, 0, 0, 0, 1, 36),
(883, 0, 0, 0, 2, 36),
(884, 0, 0, 0, 3, 36),
(885, 0, 0, 0, 4, 36),
(886, 0, 0, 0, 5, 36),
(887, 0, 0, 0, 6, 36),
(888, 0, 0, 0, 7, 36),
(889, 0, 0, 0, 8, 36),
(890, 0, 0, 0, 9, 36),
(891, 0, 0, 0, 10, 36),
(892, 0, 0, 0, 11, 36),
(893, 0, 0, 0, 12, 36),
(894, 0, 0, 0, 13, 36),
(895, 0, 0, 0, 14, 36),
(896, 0, 0, 0, 15, 36),
(897, 0, 0, 0, 16, 36),
(898, 0, 0, 0, 17, 36),
(899, 0, 0, 0, 18, 36),
(900, 0, 0, 0, 19, 36),
(901, 0, 0, 0, 20, 36),
(902, 0, 0, 0, 21, 36),
(903, 0, 0, 0, 22, 36),
(904, 0, 0, 0, 23, 36),
(905, 0, 0, 0, 24, 36),
(906, 0, 0, 0, 25, 36),
(907, 0, 0, 0, 26, 36),
(908, 0, 0, 0, 27, 36),
(909, 0, 0, 0, 28, 36),
(910, 0, 0, 0, 29, 36),
(911, 0, 0, 0, 30, 36),
(912, 0, 0, 0, 31, 36),
(913, 0, 0, 0, 32, 36),
(914, 0, 0, 0, 1, 37),
(915, 0, 0, 0, 2, 37),
(916, 0, 0, 0, 3, 37),
(917, 0, 0, 0, 4, 37),
(918, 0, 0, 0, 5, 37),
(919, 0, 0, 0, 6, 37),
(920, 0, 0, 0, 7, 37),
(921, 0, 0, 0, 8, 37),
(922, 0, 0, 0, 9, 37),
(923, 0, 0, 0, 10, 37),
(924, 0, 0, 0, 11, 37),
(925, 0, 0, 0, 12, 37),
(926, 0, 0, 0, 13, 37),
(927, 0, 0, 0, 14, 37),
(928, 0, 0, 0, 15, 37),
(929, 0, 0, 0, 16, 37),
(930, 0, 0, 0, 17, 37),
(931, 0, 0, 0, 18, 37),
(932, 0, 0, 0, 1, 38),
(933, 0, 0, 0, 2, 38),
(934, 0, 0, 0, 3, 38),
(935, 0, 0, 0, 4, 38),
(936, 0, 0, 0, 5, 38),
(937, 0, 0, 0, 6, 38),
(938, 0, 0, 0, 7, 38),
(939, 0, 0, 0, 8, 38),
(940, 0, 0, 0, 9, 38),
(941, 0, 0, 0, 10, 38),
(942, 0, 0, 0, 11, 38),
(943, 0, 0, 0, 12, 38),
(944, 0, 0, 0, 13, 38),
(945, 0, 0, 0, 14, 38),
(946, 0, 0, 0, 15, 38),
(947, 0, 0, 0, 16, 38),
(948, 0, 0, 0, 17, 38),
(949, 0, 0, 0, 18, 38),
(950, 0, 0, 0, 19, 38),
(951, 0, 0, 0, 20, 38),
(952, 0, 0, 0, 21, 38),
(953, 0, 0, 0, 22, 38),
(954, 0, 0, 0, 23, 38),
(955, 0, 0, 0, 24, 38),
(956, 0, 0, 0, 25, 38),
(957, 0, 0, 0, 26, 38),
(958, 0, 0, 0, 27, 38),
(959, 0, 0, 0, 28, 38),
(960, 0, 0, 0, 1, 39),
(961, 0, 0, 0, 2, 39),
(962, 0, 0, 0, 3, 39),
(963, 0, 0, 0, 4, 39),
(964, 0, 0, 0, 5, 39),
(965, 0, 0, 0, 6, 39),
(966, 0, 0, 0, 7, 39),
(967, 0, 0, 0, 8, 39),
(968, 0, 0, 0, 9, 39),
(969, 0, 0, 0, 10, 39),
(970, 0, 0, 0, 11, 39),
(971, 0, 0, 0, 12, 39),
(972, 0, 0, 0, 13, 39),
(973, 0, 0, 0, 14, 39),
(974, 0, 0, 0, 15, 39),
(975, 0, 0, 0, 16, 39),
(976, 0, 0, 0, 17, 39),
(977, 0, 0, 0, 1, 40),
(978, 0, 0, 0, 2, 40),
(979, 0, 0, 0, 3, 40),
(980, 0, 0, 0, 4, 40),
(981, 0, 0, 0, 5, 40),
(982, 0, 0, 0, 6, 40),
(983, 0, 0, 0, 7, 40),
(984, 0, 0, 0, 8, 40),
(985, 0, 0, 0, 9, 40),
(986, 0, 0, 0, 10, 40),
(987, 0, 0, 0, 11, 40),
(988, 0, 0, 0, 12, 40),
(989, 0, 0, 0, 13, 40),
(990, 0, 0, 0, 14, 40),
(991, 0, 0, 0, 15, 40),
(992, 0, 0, 0, 16, 40),
(993, 0, 0, 0, 17, 40),
(994, 0, 0, 0, 18, 40),
(995, 0, 0, 0, 19, 40),
(996, 0, 0, 0, 20, 40),
(997, 0, 0, 0, 1, 41),
(998, 0, 0, 0, 2, 41),
(999, 0, 0, 0, 3, 41),
(1000, 0, 0, 0, 4, 41),
(1001, 0, 0, 0, 5, 41),
(1002, 0, 0, 0, 6, 41),
(1003, 0, 0, 0, 7, 41),
(1004, 0, 0, 0, 8, 41),
(1005, 0, 0, 0, 9, 41),
(1006, 0, 0, 0, 10, 41),
(1007, 0, 0, 0, 11, 41),
(1008, 0, 0, 0, 12, 41),
(1009, 0, 0, 0, 13, 41),
(1010, 0, 0, 0, 14, 41),
(1011, 0, 0, 0, 15, 41),
(1012, 0, 0, 0, 16, 41),
(1013, 0, 0, 0, 17, 41),
(1014, 0, 0, 0, 18, 41),
(1015, 0, 0, 0, 19, 41),
(1016, 0, 0, 0, 20, 41),
(1017, 0, 0, 0, 21, 41),
(1018, 0, 0, 0, 1, 42),
(1019, 0, 0, 0, 2, 42),
(1020, 0, 0, 0, 3, 42),
(1021, 0, 0, 0, 4, 42),
(1022, 0, 0, 0, 5, 42),
(1023, 0, 0, 0, 6, 42),
(1024, 0, 0, 0, 7, 42),
(1025, 0, 0, 0, 8, 42),
(1026, 0, 0, 0, 9, 42),
(1027, 0, 0, 0, 10, 42),
(1028, 0, 0, 0, 11, 42),
(1029, 0, 0, 0, 12, 42),
(1030, 0, 0, 0, 13, 42),
(1031, 0, 0, 0, 14, 42),
(1032, 0, 0, 0, 15, 42),
(1033, 0, 0, 0, 16, 42),
(1034, 0, 0, 0, 17, 42),
(1035, 0, 0, 0, 18, 42),
(1036, 0, 0, 0, 19, 42),
(1037, 0, 0, 0, 20, 42),
(1038, 0, 0, 0, 21, 42),
(1039, 0, 0, 0, 22, 42),
(1040, 0, 0, 0, 23, 42),
(1041, 0, 0, 0, 1, 43),
(1042, 0, 0, 0, 2, 43),
(1043, 0, 0, 0, 3, 43),
(1044, 0, 0, 0, 4, 43),
(1045, 0, 0, 0, 5, 43),
(1046, 0, 0, 0, 6, 43),
(1047, 0, 0, 0, 7, 43),
(1048, 0, 0, 0, 8, 43),
(1049, 0, 0, 0, 9, 43),
(1050, 0, 0, 0, 10, 43),
(1051, 0, 0, 0, 11, 43),
(1052, 0, 0, 0, 12, 43),
(1053, 0, 0, 0, 13, 43),
(1054, 0, 0, 0, 14, 43),
(1055, 0, 0, 0, 15, 43),
(1056, 0, 0, 0, 16, 43),
(1057, 0, 0, 0, 17, 43),
(1058, 0, 0, 0, 18, 43),
(1059, 0, 0, 0, 19, 43),
(1060, 0, 0, 0, 20, 43),
(1061, 0, 0, 0, 21, 43),
(1062, 0, 0, 0, 22, 43),
(1063, 0, 0, 0, 23, 43),
(1064, 0, 0, 0, 24, 43),
(1065, 0, 0, 0, 25, 43),
(1066, 0, 0, 0, 26, 43),
(1067, 0, 0, 0, 1, 44),
(1068, 0, 0, 0, 2, 44),
(1069, 0, 0, 0, 3, 44),
(1070, 0, 0, 0, 4, 44),
(1071, 0, 0, 0, 5, 44),
(1072, 0, 0, 0, 6, 44),
(1073, 0, 0, 0, 7, 44),
(1074, 0, 0, 0, 8, 44),
(1075, 0, 0, 0, 9, 44),
(1076, 0, 0, 0, 10, 44),
(1077, 0, 0, 0, 11, 44),
(1078, 0, 0, 0, 12, 44),
(1079, 0, 0, 0, 13, 44),
(1080, 0, 0, 0, 14, 44),
(1081, 0, 0, 0, 15, 44),
(1082, 0, 0, 0, 16, 44),
(1083, 0, 0, 0, 17, 44),
(1084, 0, 0, 0, 18, 44),
(1085, 0, 0, 0, 19, 44),
(1086, 0, 0, 0, 20, 44),
(1087, 0, 0, 0, 21, 44),
(1088, 0, 0, 0, 22, 44),
(1089, 0, 0, 0, 23, 44),
(1090, 0, 0, 0, 24, 44),
(1091, 0, 0, 0, 25, 44),
(1092, 0, 0, 0, 26, 44),
(1093, 0, 0, 0, 1, 45),
(1094, 0, 0, 0, 2, 45),
(1095, 0, 0, 0, 3, 45),
(1096, 0, 0, 0, 4, 45),
(1097, 0, 0, 0, 5, 45),
(1098, 0, 0, 0, 6, 45),
(1099, 0, 0, 0, 7, 45),
(1100, 0, 0, 0, 8, 45),
(1101, 0, 0, 0, 9, 45),
(1102, 0, 0, 0, 10, 45),
(1103, 0, 0, 0, 11, 45),
(1104, 0, 0, 0, 12, 45),
(1105, 0, 0, 0, 13, 45),
(1106, 0, 0, 0, 14, 45),
(1107, 0, 0, 0, 15, 45),
(1108, 0, 0, 0, 16, 45),
(1109, 0, 0, 0, 17, 45),
(1110, 0, 0, 0, 18, 45),
(1111, 0, 0, 0, 19, 45),
(1112, 0, 0, 0, 20, 45),
(1113, 0, 0, 0, 21, 45),
(1114, 0, 0, 0, 22, 45),
(1115, 0, 0, 0, 23, 45),
(1116, 0, 0, 0, 24, 45),
(1117, 0, 0, 0, 25, 45),
(1118, 0, 0, 0, 1, 46),
(1119, 0, 0, 0, 2, 46),
(1120, 0, 0, 0, 3, 46),
(1121, 0, 0, 0, 4, 46),
(1122, 0, 0, 0, 5, 46),
(1123, 0, 0, 0, 6, 46),
(1124, 0, 0, 0, 7, 46),
(1125, 0, 0, 0, 8, 46),
(1126, 0, 0, 0, 9, 46),
(1127, 0, 0, 0, 10, 46),
(1128, 0, 0, 0, 11, 46),
(1129, 0, 0, 0, 12, 46),
(1130, 0, 0, 0, 13, 46),
(1131, 0, 0, 0, 14, 46),
(1132, 0, 0, 0, 15, 46),
(1133, 0, 0, 0, 16, 46),
(1134, 0, 0, 0, 17, 46),
(1135, 0, 0, 0, 18, 46),
(1136, 0, 0, 0, 19, 46),
(1137, 0, 0, 0, 20, 46),
(1138, 0, 0, 0, 21, 46),
(1139, 0, 0, 0, 22, 46),
(1140, 0, 0, 0, 23, 46),
(1141, 0, 0, 0, 24, 46),
(1142, 0, 0, 0, 25, 46),
(1143, 0, 0, 0, 26, 46),
(1144, 0, 0, 0, 27, 46),
(1145, 0, 0, 0, 28, 46),
(1146, 0, 0, 0, 29, 46),
(1147, 0, 0, 0, 30, 46),
(1148, 0, 0, 0, 1, 47),
(1149, 0, 0, 0, 2, 47),
(1150, 0, 0, 0, 3, 47),
(1151, 0, 0, 0, 4, 47),
(1152, 0, 0, 0, 5, 47),
(1153, 0, 0, 0, 6, 47),
(1154, 0, 0, 0, 7, 47),
(1155, 0, 0, 0, 8, 47),
(1156, 0, 0, 0, 9, 47),
(1157, 0, 0, 0, 10, 47),
(1158, 0, 0, 0, 11, 47),
(1159, 0, 0, 0, 12, 47),
(1160, 0, 0, 0, 13, 47),
(1161, 0, 0, 0, 14, 47),
(1162, 0, 0, 0, 15, 47),
(1163, 0, 0, 0, 16, 47),
(1164, 0, 0, 0, 17, 47),
(1165, 0, 0, 0, 18, 47),
(1166, 0, 0, 0, 19, 47),
(1167, 0, 0, 0, 20, 47),
(1168, 0, 0, 0, 21, 47),
(1169, 0, 0, 0, 22, 47),
(1170, 0, 0, 0, 23, 47),
(1171, 0, 0, 0, 24, 47),
(1172, 0, 0, 0, 1, 48),
(1173, 0, 0, 0, 2, 48),
(1174, 0, 0, 0, 3, 48),
(1175, 0, 0, 0, 4, 48),
(1176, 0, 0, 0, 5, 48),
(1177, 0, 0, 0, 6, 48),
(1178, 0, 0, 0, 7, 48),
(1179, 0, 0, 0, 8, 48),
(1180, 0, 0, 0, 9, 48),
(1181, 0, 0, 0, 10, 48),
(1182, 0, 0, 0, 11, 48),
(1183, 0, 0, 0, 12, 48),
(1184, 0, 0, 0, 13, 48),
(1185, 0, 0, 0, 14, 48),
(1186, 0, 0, 0, 15, 48),
(1187, 0, 0, 0, 16, 48),
(1188, 0, 0, 0, 17, 48),
(1189, 0, 0, 0, 18, 48),
(1190, 0, 0, 0, 19, 48);

-- --------------------------------------------------------

--
-- Structure de la table `projection`
--

CREATE TABLE `projection` (
  `id` bigint(20) NOT NULL,
  `date_projection` datetime DEFAULT NULL,
  `prix` double NOT NULL,
  `film_id` bigint(20) DEFAULT NULL,
  `salle_id` bigint(20) DEFAULT NULL,
  `seance_id` bigint(20) DEFAULT NULL
) ENGINE=MyISAM DEFAULT CHARSET=latin1;

--
-- Contenu de la table `projection`
--

INSERT INTO `projection` (`id`, `date_projection`, `prix`, `film_id`, `salle_id`, `seance_id`) VALUES
(1, '2020-07-15 00:36:01', 30, 2, 1, 1),
(2, '2020-07-15 00:36:01', 30, 2, 1, 2),
(3, '2020-07-15 00:36:01', 90, 2, 1, 3),
(4, '2020-07-15 00:36:01', 70, 2, 1, 4),
(5, '2020-07-15 00:36:01', 50, 6, 2, 1),
(6, '2020-07-15 00:36:01', 70, 6, 2, 2),
(7, '2020-07-15 00:36:01', 100, 6, 2, 3),
(8, '2020-07-15 00:36:01', 70, 6, 2, 4),
(9, '2020-07-15 00:36:01', 100, 3, 3, 1),
(10, '2020-07-15 00:36:01', 50, 3, 3, 2),
(11, '2020-07-15 00:36:01', 70, 3, 3, 3),
(12, '2020-07-15 00:36:01', 50, 3, 3, 4),
(13, '2020-07-15 00:36:01', 30, 3, 4, 1),
(14, '2020-07-15 00:36:01', 100, 3, 4, 2),
(15, '2020-07-15 00:36:01', 90, 3, 4, 3),
(16, '2020-07-15 00:36:01', 30, 3, 4, 4),
(17, '2020-07-15 00:36:01', 50, 6, 5, 1),
(18, '2020-07-15 00:36:01', 30, 6, 5, 2),
(19, '2020-07-15 00:36:01', 90, 6, 5, 3),
(20, '2020-07-15 00:36:01', 30, 6, 5, 4),
(21, '2020-07-15 00:36:01', 90, 1, 6, 1),
(22, '2020-07-15 00:36:01', 30, 1, 6, 2),
(23, '2020-07-15 00:36:01', 50, 1, 6, 3),
(24, '2020-07-15 00:36:01', 90, 1, 6, 4),
(25, '2020-07-15 00:36:01', 50, 1, 7, 1),
(26, '2020-07-15 00:36:01', 50, 1, 7, 2),
(27, '2020-07-15 00:36:01', 30, 1, 7, 3),
(28, '2020-07-15 00:36:01', 90, 1, 7, 4),
(29, '2020-07-15 00:36:01', 90, 6, 8, 1),
(30, '2020-07-15 00:36:01', 70, 6, 8, 2),
(31, '2020-07-15 00:36:01', 50, 6, 8, 3),
(32, '2020-07-15 00:36:01', 30, 6, 8, 4),
(33, '2020-07-15 00:36:01', 30, 3, 9, 1),
(34, '2020-07-15 00:36:01', 100, 3, 9, 2),
(35, '2020-07-15 00:36:01', 70, 3, 9, 3),
(36, '2020-07-15 00:36:01', 90, 3, 9, 4),
(37, '2020-07-15 00:36:01', 70, 1, 10, 1),
(38, '2020-07-15 00:36:01', 30, 1, 10, 2),
(39, '2020-07-15 00:36:01', 70, 1, 10, 3),
(40, '2020-07-15 00:36:01', 30, 1, 10, 4),
(41, '2020-07-15 00:36:01', 100, 5, 11, 1),
(42, '2020-07-15 00:36:01', 100, 5, 11, 2),
(43, '2020-07-15 00:36:01', 90, 5, 11, 3),
(44, '2020-07-15 00:36:01', 90, 5, 11, 4),
(45, '2020-07-15 00:36:01', 100, 5, 12, 1),
(46, '2020-07-15 00:36:01', 90, 5, 12, 2),
(47, '2020-07-15 00:36:01', 100, 5, 12, 3),
(48, '2020-07-15 00:36:01', 90, 5, 12, 4),
(49, '2020-07-15 00:36:01', 100, 4, 13, 1),
(50, '2020-07-15 00:36:01', 70, 4, 13, 2),
(51, '2020-07-15 00:36:01', 30, 4, 13, 3),
(52, '2020-07-15 00:36:01', 90, 4, 13, 4),
(53, '2020-07-15 00:36:01', 70, 1, 14, 1),
(54, '2020-07-15 00:36:01', 30, 1, 14, 2),
(55, '2020-07-15 00:36:01', 90, 1, 14, 3),
(56, '2020-07-15 00:36:01', 90, 1, 14, 4),
(57, '2020-07-15 00:36:01', 90, 1, 15, 1),
(58, '2020-07-15 00:36:01', 90, 1, 15, 2),
(59, '2020-07-15 00:36:01', 90, 1, 15, 3),
(60, '2020-07-15 00:36:01', 100, 1, 15, 4),
(61, '2020-07-15 00:36:01', 30, 5, 16, 1),
(62, '2020-07-15 00:36:01', 30, 5, 16, 2),
(63, '2020-07-15 00:36:01', 70, 5, 16, 3),
(64, '2020-07-15 00:36:01', 70, 5, 16, 4),
(65, '2020-07-15 00:36:01', 100, 5, 17, 1),
(66, '2020-07-15 00:36:01', 50, 5, 17, 2),
(67, '2020-07-15 00:36:01', 90, 5, 17, 3),
(68, '2020-07-15 00:36:01', 100, 5, 17, 4),
(69, '2020-07-15 00:36:01', 90, 4, 18, 1),
(70, '2020-07-15 00:36:01', 100, 4, 18, 2),
(71, '2020-07-15 00:36:01', 90, 4, 18, 3),
(72, '2020-07-15 00:36:01', 100, 4, 18, 4),
(73, '2020-07-15 00:36:01', 100, 5, 19, 1),
(74, '2020-07-15 00:36:01', 50, 5, 19, 2),
(75, '2020-07-15 00:36:01', 90, 5, 19, 3),
(76, '2020-07-15 00:36:01', 100, 5, 19, 4),
(77, '2020-07-15 00:36:01', 30, 4, 20, 1),
(78, '2020-07-15 00:36:01', 50, 4, 20, 2),
(79, '2020-07-15 00:36:01', 70, 4, 20, 3),
(80, '2020-07-15 00:36:01', 100, 4, 20, 4),
(81, '2020-07-15 00:36:01', 100, 4, 21, 1),
(82, '2020-07-15 00:36:01', 70, 4, 21, 2),
(83, '2020-07-15 00:36:01', 30, 4, 21, 3),
(84, '2020-07-15 00:36:01', 50, 4, 21, 4),
(85, '2020-07-15 00:36:01', 100, 3, 22, 1),
(86, '2020-07-15 00:36:01', 70, 3, 22, 2),
(87, '2020-07-15 00:36:01', 100, 3, 22, 3),
(88, '2020-07-15 00:36:01', 90, 3, 22, 4),
(89, '2020-07-15 00:36:01', 70, 1, 23, 1),
(90, '2020-07-15 00:36:01', 100, 1, 23, 2),
(91, '2020-07-15 00:36:01', 30, 1, 23, 3),
(92, '2020-07-15 00:36:01', 90, 1, 23, 4),
(93, '2020-07-15 00:36:01', 70, 2, 24, 1),
(94, '2020-07-15 00:36:01', 30, 2, 24, 2),
(95, '2020-07-15 00:36:01', 70, 2, 24, 3),
(96, '2020-07-15 00:36:01', 90, 2, 24, 4),
(97, '2020-07-15 00:36:01', 90, 1, 25, 1),
(98, '2020-07-15 00:36:01', 90, 1, 25, 2),
(99, '2020-07-15 00:36:01', 30, 1, 25, 3),
(100, '2020-07-15 00:36:01', 70, 1, 25, 4),
(101, '2020-07-15 00:36:01', 90, 1, 26, 1),
(102, '2020-07-15 00:36:01', 100, 1, 26, 2),
(103, '2020-07-15 00:36:01', 100, 1, 26, 3),
(104, '2020-07-15 00:36:01', 50, 1, 26, 4),
(105, '2020-07-15 00:36:01', 70, 5, 27, 1),
(106, '2020-07-15 00:36:01', 100, 5, 27, 2),
(107, '2020-07-15 00:36:01', 90, 5, 27, 3),
(108, '2020-07-15 00:36:01', 100, 5, 27, 4),
(109, '2020-07-15 00:36:01', 70, 4, 28, 1),
(110, '2020-07-15 00:36:01', 90, 4, 28, 2),
(111, '2020-07-15 00:36:02', 90, 4, 28, 3),
(112, '2020-07-15 00:36:02', 70, 4, 28, 4),
(113, '2020-07-15 00:36:02', 70, 2, 29, 1),
(114, '2020-07-15 00:36:02', 100, 2, 29, 2),
(115, '2020-07-15 00:36:02', 30, 2, 29, 3),
(116, '2020-07-15 00:36:02', 100, 2, 29, 4),
(117, '2020-07-15 00:36:02', 50, 4, 30, 1),
(118, '2020-07-15 00:36:02', 70, 4, 30, 2),
(119, '2020-07-15 00:36:02', 70, 4, 30, 3),
(120, '2020-07-15 00:36:02', 30, 4, 30, 4),
(121, '2020-07-15 00:36:02', 30, 1, 31, 1),
(122, '2020-07-15 00:36:02', 70, 1, 31, 2),
(123, '2020-07-15 00:36:02', 70, 1, 31, 3),
(124, '2020-07-15 00:36:02', 70, 1, 31, 4),
(125, '2020-07-15 00:36:02', 90, 1, 32, 1),
(126, '2020-07-15 00:36:02', 100, 1, 32, 2),
(127, '2020-07-15 00:36:02', 50, 1, 32, 3),
(128, '2020-07-15 00:36:02', 90, 1, 32, 4),
(129, '2020-07-15 00:36:02', 100, 1, 33, 1),
(130, '2020-07-15 00:36:02', 30, 1, 33, 2),
(131, '2020-07-15 00:36:02', 30, 1, 33, 3),
(132, '2020-07-15 00:36:02', 70, 1, 33, 4),
(133, '2020-07-15 00:36:02', 50, 2, 34, 1),
(134, '2020-07-15 00:36:02', 90, 2, 34, 2),
(135, '2020-07-15 00:36:02', 90, 2, 34, 3),
(136, '2020-07-15 00:36:02', 90, 2, 34, 4),
(137, '2020-07-15 00:36:02', 50, 5, 35, 1),
(138, '2020-07-15 00:36:02', 50, 5, 35, 2),
(139, '2020-07-15 00:36:02', 90, 5, 35, 3),
(140, '2020-07-15 00:36:02', 90, 5, 35, 4),
(141, '2020-07-15 00:36:02', 70, 4, 36, 1),
(142, '2020-07-15 00:36:02', 30, 4, 36, 2),
(143, '2020-07-15 00:36:02', 50, 4, 36, 3),
(144, '2020-07-15 00:36:02', 100, 4, 36, 4),
(145, '2020-07-15 00:36:02', 90, 1, 37, 1),
(146, '2020-07-15 00:36:02', 50, 1, 37, 2),
(147, '2020-07-15 00:36:02', 30, 1, 37, 3),
(148, '2020-07-15 00:36:02', 70, 1, 37, 4),
(149, '2020-07-15 00:36:02', 70, 3, 38, 1),
(150, '2020-07-15 00:36:02', 100, 3, 38, 2),
(151, '2020-07-15 00:36:02', 90, 3, 38, 3),
(152, '2020-07-15 00:36:02', 50, 3, 38, 4),
(153, '2020-07-15 00:36:02', 70, 1, 39, 1),
(154, '2020-07-15 00:36:02', 100, 1, 39, 2),
(155, '2020-07-15 00:36:02', 90, 1, 39, 3),
(156, '2020-07-15 00:36:02', 90, 1, 39, 4),
(157, '2020-07-15 00:36:02', 70, 6, 40, 1),
(158, '2020-07-15 00:36:02', 90, 6, 40, 2),
(159, '2020-07-15 00:36:02', 30, 6, 40, 3),
(160, '2020-07-15 00:36:02', 70, 6, 40, 4),
(161, '2020-07-15 00:36:02', 30, 4, 41, 1),
(162, '2020-07-15 00:36:02', 100, 4, 41, 2),
(163, '2020-07-15 00:36:02', 50, 4, 41, 3),
(164, '2020-07-15 00:36:02', 30, 4, 41, 4),
(165, '2020-07-15 00:36:02', 70, 3, 42, 1),
(166, '2020-07-15 00:36:02', 30, 3, 42, 2),
(167, '2020-07-15 00:36:02', 30, 3, 42, 3),
(168, '2020-07-15 00:36:02', 100, 3, 42, 4),
(169, '2020-07-15 00:36:02', 30, 3, 43, 1),
(170, '2020-07-15 00:36:02', 50, 3, 43, 2),
(171, '2020-07-15 00:36:02', 70, 3, 43, 3),
(172, '2020-07-15 00:36:02', 70, 3, 43, 4),
(173, '2020-07-15 00:36:02', 30, 2, 44, 1),
(174, '2020-07-15 00:36:02', 30, 2, 44, 2),
(175, '2020-07-15 00:36:02', 70, 2, 44, 3),
(176, '2020-07-15 00:36:02', 90, 2, 44, 4),
(177, '2020-07-15 00:36:02', 70, 2, 45, 1),
(178, '2020-07-15 00:36:02', 70, 2, 45, 2),
(179, '2020-07-15 00:36:02', 30, 2, 45, 3),
(180, '2020-07-15 00:36:02', 50, 2, 45, 4),
(181, '2020-07-15 00:36:02', 90, 3, 46, 1),
(182, '2020-07-15 00:36:02', 90, 3, 46, 2),
(183, '2020-07-15 00:36:02', 50, 3, 46, 3),
(184, '2020-07-15 00:36:02', 30, 3, 46, 4),
(185, '2020-07-15 00:36:02', 100, 1, 47, 1),
(186, '2020-07-15 00:36:02', 90, 1, 47, 2),
(187, '2020-07-15 00:36:02', 50, 1, 47, 3),
(188, '2020-07-15 00:36:02', 90, 1, 47, 4),
(189, '2020-07-15 00:36:02', 30, 5, 48, 1),
(190, '2020-07-15 00:36:02', 100, 5, 48, 2),
(191, '2020-07-15 00:36:02', 30, 5, 48, 3),
(192, '2020-07-15 00:36:02', 90, 5, 48, 4);

-- --------------------------------------------------------

--
-- Structure de la table `salle`
--

CREATE TABLE `salle` (
  `id` bigint(20) NOT NULL,
  `nom` varchar(255) DEFAULT NULL,
  `nombre_places` int(11) NOT NULL,
  `cinema_id` bigint(20) DEFAULT NULL
) ENGINE=MyISAM DEFAULT CHARSET=latin1;

--
-- Contenu de la table `salle`
--

INSERT INTO `salle` (`id`, `nom`, `nombre_places`, `cinema_id`) VALUES
(1, 'salle1', 34, 1),
(2, 'salle2', 27, 1),
(3, 'salle3', 34, 1),
(4, 'salle4', 17, 1),
(5, 'salle5', 33, 1),
(6, 'salle1', 25, 2),
(7, 'salle2', 33, 2),
(8, 'salle3', 32, 2),
(9, 'salle4', 18, 2),
(10, 'salle1', 24, 3),
(11, 'salle2', 31, 3),
(12, 'salle3', 19, 3),
(13, 'salle4', 26, 3),
(14, 'salle5', 27, 3),
(15, 'salle6', 24, 3),
(16, 'salle1', 16, 4),
(17, 'salle2', 24, 4),
(18, 'salle3', 28, 4),
(19, 'salle4', 29, 4),
(20, 'salle5', 31, 4),
(21, 'salle6', 17, 4),
(22, 'salle7', 34, 4),
(23, 'salle8', 17, 4),
(24, 'salle1', 20, 5),
(25, 'salle2', 32, 5),
(26, 'salle3', 30, 5),
(27, 'salle1', 19, 6),
(28, 'salle2', 31, 6),
(29, 'salle3', 32, 6),
(30, 'salle4', 17, 6),
(31, 'salle5', 17, 6),
(32, 'salle6', 27, 6),
(33, 'salle1', 17, 7),
(34, 'salle2', 21, 7),
(35, 'salle3', 18, 7),
(36, 'salle4', 32, 7),
(37, 'salle5', 18, 7),
(38, 'salle6', 28, 7),
(39, 'salle7', 17, 7),
(40, 'salle8', 20, 7),
(41, 'salle1', 21, 8),
(42, 'salle2', 23, 8),
(43, 'salle3', 26, 8),
(44, 'salle4', 26, 8),
(45, 'salle5', 25, 8),
(46, 'salle1', 30, 9),
(47, 'salle2', 24, 9),
(48, 'salle3', 19, 9);

-- --------------------------------------------------------

--
-- Structure de la table `seance`
--

CREATE TABLE `seance` (
  `id` bigint(20) NOT NULL,
  `heur_debut` time DEFAULT NULL
) ENGINE=MyISAM DEFAULT CHARSET=latin1;

--
-- Contenu de la table `seance`
--

INSERT INTO `seance` (`id`, `heur_debut`) VALUES
(1, '12:00:00'),
(2, '15:00:00'),
(3, '19:00:00'),
(4, '21:00:00');

-- --------------------------------------------------------

--
-- Structure de la table `ticket`
--

CREATE TABLE `ticket` (
  `id` bigint(20) NOT NULL,
  `code_payement` int(11) DEFAULT NULL,
  `nom_client` varchar(255) DEFAULT NULL,
  `prix` double NOT NULL,
  `reserve` bit(1) NOT NULL,
  `place_id` bigint(20) DEFAULT NULL,
  `projection_id` bigint(20) DEFAULT NULL
) ENGINE=MyISAM DEFAULT CHARSET=latin1;

--
-- Contenu de la table `ticket`
--

INSERT INTO `ticket` (`id`, `code_payement`, `nom_client`, `prix`, `reserve`, `place_id`, `projection_id`) VALUES
(1, NULL, NULL, 30, b'0', 1, 1),
(2, NULL, NULL, 30, b'0', 2, 1),
(3, NULL, NULL, 30, b'0', 3, 1),
(4, NULL, NULL, 30, b'0', 4, 1),
(5, NULL, NULL, 30, b'0', 5, 1),
(6, NULL, NULL, 30, b'0', 6, 1),
(7, NULL, NULL, 30, b'0', 7, 1),
(8, NULL, NULL, 30, b'0', 8, 1),
(9, NULL, NULL, 30, b'0', 9, 1),
(10, NULL, NULL, 30, b'0', 10, 1),
(11, NULL, NULL, 30, b'0', 11, 1),
(12, NULL, NULL, 30, b'0', 12, 1),
(13, NULL, NULL, 30, b'0', 13, 1),
(14, NULL, NULL, 30, b'0', 14, 1),
(15, NULL, NULL, 30, b'0', 15, 1),
(16, NULL, NULL, 30, b'0', 16, 1),
(17, NULL, NULL, 30, b'0', 17, 1),
(18, NULL, NULL, 30, b'0', 18, 1),
(19, NULL, NULL, 30, b'0', 19, 1),
(20, NULL, NULL, 30, b'0', 20, 1),
(21, NULL, NULL, 30, b'0', 21, 1),
(22, NULL, NULL, 30, b'0', 22, 1),
(23, NULL, NULL, 30, b'0', 23, 1),
(24, NULL, NULL, 30, b'0', 24, 1),
(25, NULL, NULL, 30, b'0', 25, 1),
(26, NULL, NULL, 30, b'0', 26, 1),
(27, NULL, NULL, 30, b'0', 27, 1),
(28, NULL, NULL, 30, b'0', 28, 1),
(29, NULL, NULL, 30, b'0', 29, 1),
(30, NULL, NULL, 30, b'0', 30, 1),
(31, NULL, NULL, 30, b'0', 31, 1),
(32, NULL, NULL, 30, b'0', 32, 1),
(33, NULL, NULL, 30, b'0', 33, 1),
(34, NULL, NULL, 30, b'0', 34, 1),
(35, NULL, NULL, 30, b'0', 1, 2),
(36, NULL, NULL, 30, b'0', 2, 2),
(37, NULL, NULL, 30, b'0', 3, 2),
(38, NULL, NULL, 30, b'0', 4, 2),
(39, NULL, NULL, 30, b'0', 5, 2),
(40, NULL, NULL, 30, b'0', 6, 2),
(41, NULL, NULL, 30, b'0', 7, 2),
(42, NULL, NULL, 30, b'0', 8, 2),
(43, NULL, NULL, 30, b'0', 9, 2),
(44, NULL, NULL, 30, b'0', 10, 2),
(45, NULL, NULL, 30, b'0', 11, 2),
(46, NULL, NULL, 30, b'0', 12, 2),
(47, NULL, NULL, 30, b'0', 13, 2),
(48, NULL, NULL, 30, b'0', 14, 2),
(49, NULL, NULL, 30, b'0', 15, 2),
(50, NULL, NULL, 30, b'0', 16, 2),
(51, NULL, NULL, 30, b'0', 17, 2),
(52, NULL, NULL, 30, b'0', 18, 2),
(53, NULL, NULL, 30, b'0', 19, 2),
(54, NULL, NULL, 30, b'0', 20, 2),
(55, NULL, NULL, 30, b'0', 21, 2),
(56, NULL, NULL, 30, b'0', 22, 2),
(57, NULL, NULL, 30, b'0', 23, 2),
(58, NULL, NULL, 30, b'0', 24, 2),
(59, NULL, NULL, 30, b'0', 25, 2),
(60, NULL, NULL, 30, b'0', 26, 2),
(61, NULL, NULL, 30, b'0', 27, 2),
(62, NULL, NULL, 30, b'0', 28, 2),
(63, NULL, NULL, 30, b'0', 29, 2),
(64, NULL, NULL, 30, b'0', 30, 2),
(65, NULL, NULL, 30, b'0', 31, 2),
(66, NULL, NULL, 30, b'0', 32, 2),
(67, NULL, NULL, 30, b'0', 33, 2),
(68, NULL, NULL, 30, b'0', 34, 2),
(69, NULL, NULL, 90, b'0', 1, 3),
(70, NULL, NULL, 90, b'0', 2, 3),
(71, NULL, NULL, 90, b'0', 3, 3),
(72, NULL, NULL, 90, b'0', 4, 3),
(73, NULL, NULL, 90, b'0', 5, 3),
(74, NULL, NULL, 90, b'0', 6, 3),
(75, NULL, NULL, 90, b'0', 7, 3),
(76, NULL, NULL, 90, b'0', 8, 3),
(77, NULL, NULL, 90, b'0', 9, 3),
(78, NULL, NULL, 90, b'0', 10, 3),
(79, NULL, NULL, 90, b'0', 11, 3),
(80, NULL, NULL, 90, b'0', 12, 3),
(81, NULL, NULL, 90, b'0', 13, 3),
(82, NULL, NULL, 90, b'0', 14, 3),
(83, NULL, NULL, 90, b'0', 15, 3),
(84, NULL, NULL, 90, b'0', 16, 3),
(85, NULL, NULL, 90, b'0', 17, 3),
(86, NULL, NULL, 90, b'0', 18, 3),
(87, NULL, NULL, 90, b'0', 19, 3),
(88, NULL, NULL, 90, b'0', 20, 3),
(89, NULL, NULL, 90, b'0', 21, 3),
(90, NULL, NULL, 90, b'0', 22, 3),
(91, NULL, NULL, 90, b'0', 23, 3),
(92, NULL, NULL, 90, b'0', 24, 3),
(93, NULL, NULL, 90, b'0', 25, 3),
(94, NULL, NULL, 90, b'0', 26, 3),
(95, NULL, NULL, 90, b'0', 27, 3),
(96, NULL, NULL, 90, b'0', 28, 3),
(97, NULL, NULL, 90, b'0', 29, 3),
(98, NULL, NULL, 90, b'0', 30, 3),
(99, NULL, NULL, 90, b'0', 31, 3),
(100, NULL, NULL, 90, b'0', 32, 3),
(101, NULL, NULL, 90, b'0', 33, 3),
(102, NULL, NULL, 90, b'0', 34, 3),
(103, NULL, NULL, 70, b'0', 1, 4),
(104, NULL, NULL, 70, b'0', 2, 4),
(105, NULL, NULL, 70, b'0', 3, 4),
(106, NULL, NULL, 70, b'0', 4, 4),
(107, NULL, NULL, 70, b'0', 5, 4),
(108, NULL, NULL, 70, b'0', 6, 4),
(109, NULL, NULL, 70, b'0', 7, 4),
(110, NULL, NULL, 70, b'0', 8, 4),
(111, NULL, NULL, 70, b'0', 9, 4),
(112, NULL, NULL, 70, b'0', 10, 4),
(113, NULL, NULL, 70, b'0', 11, 4),
(114, NULL, NULL, 70, b'0', 12, 4),
(115, NULL, NULL, 70, b'0', 13, 4),
(116, NULL, NULL, 70, b'0', 14, 4),
(117, NULL, NULL, 70, b'0', 15, 4),
(118, NULL, NULL, 70, b'0', 16, 4),
(119, NULL, NULL, 70, b'0', 17, 4),
(120, NULL, NULL, 70, b'0', 18, 4),
(121, NULL, NULL, 70, b'0', 19, 4),
(122, NULL, NULL, 70, b'0', 20, 4),
(123, NULL, NULL, 70, b'0', 21, 4),
(124, NULL, NULL, 70, b'0', 22, 4),
(125, NULL, NULL, 70, b'0', 23, 4),
(126, NULL, NULL, 70, b'0', 24, 4),
(127, NULL, NULL, 70, b'0', 25, 4),
(128, NULL, NULL, 70, b'0', 26, 4),
(129, NULL, NULL, 70, b'0', 27, 4),
(130, NULL, NULL, 70, b'0', 28, 4),
(131, NULL, NULL, 70, b'0', 29, 4),
(132, NULL, NULL, 70, b'0', 30, 4),
(133, NULL, NULL, 70, b'0', 31, 4),
(134, NULL, NULL, 70, b'0', 32, 4),
(135, NULL, NULL, 70, b'0', 33, 4),
(136, NULL, NULL, 70, b'0', 34, 4),
(137, NULL, NULL, 50, b'0', 35, 5),
(138, NULL, NULL, 50, b'0', 36, 5),
(139, NULL, NULL, 50, b'0', 37, 5),
(140, NULL, NULL, 50, b'0', 38, 5),
(141, NULL, NULL, 50, b'0', 39, 5),
(142, NULL, NULL, 50, b'0', 40, 5),
(143, NULL, NULL, 50, b'0', 41, 5),
(144, NULL, NULL, 50, b'0', 42, 5),
(145, NULL, NULL, 50, b'0', 43, 5),
(146, NULL, NULL, 50, b'0', 44, 5),
(147, NULL, NULL, 50, b'0', 45, 5),
(148, NULL, NULL, 50, b'0', 46, 5),
(149, NULL, NULL, 50, b'0', 47, 5),
(150, NULL, NULL, 50, b'0', 48, 5),
(151, NULL, NULL, 50, b'0', 49, 5),
(152, NULL, NULL, 50, b'0', 50, 5),
(153, NULL, NULL, 50, b'0', 51, 5),
(154, NULL, NULL, 50, b'0', 52, 5),
(155, NULL, NULL, 50, b'0', 53, 5),
(156, NULL, NULL, 50, b'0', 54, 5),
(157, NULL, NULL, 50, b'0', 55, 5),
(158, NULL, NULL, 50, b'0', 56, 5),
(159, NULL, NULL, 50, b'0', 57, 5),
(160, NULL, NULL, 50, b'0', 58, 5),
(161, NULL, NULL, 50, b'0', 59, 5),
(162, NULL, NULL, 50, b'0', 60, 5),
(163, NULL, NULL, 50, b'0', 61, 5),
(164, NULL, NULL, 70, b'0', 35, 6),
(165, NULL, NULL, 70, b'0', 36, 6),
(166, NULL, NULL, 70, b'0', 37, 6),
(167, NULL, NULL, 70, b'0', 38, 6),
(168, NULL, NULL, 70, b'0', 39, 6),
(169, NULL, NULL, 70, b'0', 40, 6),
(170, NULL, NULL, 70, b'0', 41, 6),
(171, NULL, NULL, 70, b'0', 42, 6),
(172, NULL, NULL, 70, b'0', 43, 6),
(173, NULL, NULL, 70, b'0', 44, 6),
(174, NULL, NULL, 70, b'0', 45, 6),
(175, NULL, NULL, 70, b'0', 46, 6),
(176, NULL, NULL, 70, b'0', 47, 6),
(177, NULL, NULL, 70, b'0', 48, 6),
(178, NULL, NULL, 70, b'0', 49, 6),
(179, NULL, NULL, 70, b'0', 50, 6),
(180, NULL, NULL, 70, b'0', 51, 6),
(181, NULL, NULL, 70, b'0', 52, 6),
(182, NULL, NULL, 70, b'0', 53, 6),
(183, NULL, NULL, 70, b'0', 54, 6),
(184, NULL, NULL, 70, b'0', 55, 6),
(185, NULL, NULL, 70, b'0', 56, 6),
(186, NULL, NULL, 70, b'0', 57, 6),
(187, NULL, NULL, 70, b'0', 58, 6),
(188, NULL, NULL, 70, b'0', 59, 6),
(189, NULL, NULL, 70, b'0', 60, 6),
(190, NULL, NULL, 70, b'0', 61, 6),
(191, NULL, NULL, 100, b'0', 35, 7),
(192, NULL, NULL, 100, b'0', 36, 7),
(193, NULL, NULL, 100, b'0', 37, 7),
(194, NULL, NULL, 100, b'0', 38, 7),
(195, NULL, NULL, 100, b'0', 39, 7),
(196, NULL, NULL, 100, b'0', 40, 7),
(197, NULL, NULL, 100, b'0', 41, 7),
(198, NULL, NULL, 100, b'0', 42, 7),
(199, NULL, NULL, 100, b'0', 43, 7),
(200, NULL, NULL, 100, b'0', 44, 7),
(201, NULL, NULL, 100, b'0', 45, 7),
(202, NULL, NULL, 100, b'0', 46, 7),
(203, NULL, NULL, 100, b'0', 47, 7),
(204, NULL, NULL, 100, b'0', 48, 7),
(205, NULL, NULL, 100, b'0', 49, 7),
(206, NULL, NULL, 100, b'0', 50, 7),
(207, NULL, NULL, 100, b'0', 51, 7),
(208, NULL, NULL, 100, b'0', 52, 7),
(209, NULL, NULL, 100, b'0', 53, 7),
(210, NULL, NULL, 100, b'0', 54, 7),
(211, NULL, NULL, 100, b'0', 55, 7),
(212, NULL, NULL, 100, b'0', 56, 7),
(213, NULL, NULL, 100, b'0', 57, 7),
(214, NULL, NULL, 100, b'0', 58, 7),
(215, NULL, NULL, 100, b'0', 59, 7),
(216, NULL, NULL, 100, b'0', 60, 7),
(217, NULL, NULL, 100, b'0', 61, 7),
(218, NULL, NULL, 70, b'0', 35, 8),
(219, NULL, NULL, 70, b'0', 36, 8),
(220, NULL, NULL, 70, b'0', 37, 8),
(221, NULL, NULL, 70, b'0', 38, 8),
(222, NULL, NULL, 70, b'0', 39, 8),
(223, NULL, NULL, 70, b'0', 40, 8),
(224, NULL, NULL, 70, b'0', 41, 8),
(225, NULL, NULL, 70, b'0', 42, 8),
(226, NULL, NULL, 70, b'0', 43, 8),
(227, NULL, NULL, 70, b'0', 44, 8),
(228, NULL, NULL, 70, b'0', 45, 8),
(229, NULL, NULL, 70, b'0', 46, 8),
(230, NULL, NULL, 70, b'0', 47, 8),
(231, NULL, NULL, 70, b'0', 48, 8),
(232, NULL, NULL, 70, b'0', 49, 8),
(233, NULL, NULL, 70, b'0', 50, 8),
(234, NULL, NULL, 70, b'0', 51, 8),
(235, NULL, NULL, 70, b'0', 52, 8),
(236, NULL, NULL, 70, b'0', 53, 8),
(237, NULL, NULL, 70, b'0', 54, 8),
(238, NULL, NULL, 70, b'0', 55, 8),
(239, NULL, NULL, 70, b'0', 56, 8),
(240, NULL, NULL, 70, b'0', 57, 8),
(241, NULL, NULL, 70, b'0', 58, 8),
(242, NULL, NULL, 70, b'0', 59, 8),
(243, NULL, NULL, 70, b'0', 60, 8),
(244, NULL, NULL, 70, b'0', 61, 8),
(245, NULL, NULL, 100, b'0', 62, 9),
(246, NULL, NULL, 100, b'0', 63, 9),
(247, NULL, NULL, 100, b'0', 64, 9),
(248, NULL, NULL, 100, b'0', 65, 9),
(249, NULL, NULL, 100, b'0', 66, 9),
(250, NULL, NULL, 100, b'0', 67, 9),
(251, NULL, NULL, 100, b'0', 68, 9),
(252, NULL, NULL, 100, b'0', 69, 9),
(253, NULL, NULL, 100, b'0', 70, 9),
(254, NULL, NULL, 100, b'0', 71, 9),
(255, NULL, NULL, 100, b'0', 72, 9),
(256, NULL, NULL, 100, b'0', 73, 9),
(257, NULL, NULL, 100, b'0', 74, 9),
(258, NULL, NULL, 100, b'0', 75, 9),
(259, NULL, NULL, 100, b'0', 76, 9),
(260, NULL, NULL, 100, b'0', 77, 9),
(261, NULL, NULL, 100, b'0', 78, 9),
(262, NULL, NULL, 100, b'0', 79, 9),
(263, NULL, NULL, 100, b'0', 80, 9),
(264, NULL, NULL, 100, b'0', 81, 9),
(265, NULL, NULL, 100, b'0', 82, 9),
(266, NULL, NULL, 100, b'0', 83, 9),
(267, NULL, NULL, 100, b'0', 84, 9),
(268, NULL, NULL, 100, b'0', 85, 9),
(269, NULL, NULL, 100, b'0', 86, 9),
(270, NULL, NULL, 100, b'0', 87, 9),
(271, NULL, NULL, 100, b'0', 88, 9),
(272, NULL, NULL, 100, b'0', 89, 9),
(273, NULL, NULL, 100, b'0', 90, 9),
(274, NULL, NULL, 100, b'0', 91, 9),
(275, NULL, NULL, 100, b'0', 92, 9),
(276, NULL, NULL, 100, b'0', 93, 9),
(277, NULL, NULL, 100, b'0', 94, 9),
(278, NULL, NULL, 100, b'0', 95, 9),
(279, NULL, NULL, 50, b'0', 62, 10),
(280, NULL, NULL, 50, b'0', 63, 10),
(281, NULL, NULL, 50, b'0', 64, 10),
(282, NULL, NULL, 50, b'0', 65, 10),
(283, NULL, NULL, 50, b'0', 66, 10),
(284, NULL, NULL, 50, b'0', 67, 10),
(285, NULL, NULL, 50, b'0', 68, 10),
(286, NULL, NULL, 50, b'0', 69, 10),
(287, NULL, NULL, 50, b'0', 70, 10),
(288, NULL, NULL, 50, b'0', 71, 10),
(289, NULL, NULL, 50, b'0', 72, 10),
(290, NULL, NULL, 50, b'0', 73, 10),
(291, NULL, NULL, 50, b'0', 74, 10),
(292, NULL, NULL, 50, b'0', 75, 10),
(293, NULL, NULL, 50, b'0', 76, 10),
(294, NULL, NULL, 50, b'0', 77, 10),
(295, NULL, NULL, 50, b'0', 78, 10),
(296, NULL, NULL, 50, b'0', 79, 10),
(297, NULL, NULL, 50, b'0', 80, 10),
(298, NULL, NULL, 50, b'0', 81, 10),
(299, NULL, NULL, 50, b'0', 82, 10),
(300, NULL, NULL, 50, b'0', 83, 10),
(301, NULL, NULL, 50, b'0', 84, 10),
(302, NULL, NULL, 50, b'0', 85, 10),
(303, NULL, NULL, 50, b'0', 86, 10),
(304, NULL, NULL, 50, b'0', 87, 10),
(305, NULL, NULL, 50, b'0', 88, 10),
(306, NULL, NULL, 50, b'0', 89, 10),
(307, NULL, NULL, 50, b'0', 90, 10),
(308, NULL, NULL, 50, b'0', 91, 10),
(309, NULL, NULL, 50, b'0', 92, 10),
(310, NULL, NULL, 50, b'0', 93, 10),
(311, NULL, NULL, 50, b'0', 94, 10),
(312, NULL, NULL, 50, b'0', 95, 10),
(313, NULL, NULL, 70, b'0', 62, 11),
(314, NULL, NULL, 70, b'0', 63, 11),
(315, NULL, NULL, 70, b'0', 64, 11),
(316, NULL, NULL, 70, b'0', 65, 11),
(317, NULL, NULL, 70, b'0', 66, 11),
(318, NULL, NULL, 70, b'0', 67, 11),
(319, NULL, NULL, 70, b'0', 68, 11),
(320, NULL, NULL, 70, b'0', 69, 11),
(321, NULL, NULL, 70, b'0', 70, 11),
(322, NULL, NULL, 70, b'0', 71, 11),
(323, NULL, NULL, 70, b'0', 72, 11),
(324, NULL, NULL, 70, b'0', 73, 11),
(325, NULL, NULL, 70, b'0', 74, 11),
(326, NULL, NULL, 70, b'0', 75, 11),
(327, NULL, NULL, 70, b'0', 76, 11),
(328, NULL, NULL, 70, b'0', 77, 11),
(329, NULL, NULL, 70, b'0', 78, 11),
(330, NULL, NULL, 70, b'0', 79, 11),
(331, NULL, NULL, 70, b'0', 80, 11),
(332, NULL, NULL, 70, b'0', 81, 11),
(333, NULL, NULL, 70, b'0', 82, 11),
(334, NULL, NULL, 70, b'0', 83, 11),
(335, NULL, NULL, 70, b'0', 84, 11),
(336, NULL, NULL, 70, b'0', 85, 11),
(337, NULL, NULL, 70, b'0', 86, 11),
(338, NULL, NULL, 70, b'0', 87, 11),
(339, NULL, NULL, 70, b'0', 88, 11),
(340, NULL, NULL, 70, b'0', 89, 11),
(341, NULL, NULL, 70, b'0', 90, 11),
(342, NULL, NULL, 70, b'0', 91, 11),
(343, NULL, NULL, 70, b'0', 92, 11),
(344, NULL, NULL, 70, b'0', 93, 11),
(345, NULL, NULL, 70, b'0', 94, 11),
(346, NULL, NULL, 70, b'0', 95, 11),
(347, NULL, NULL, 50, b'0', 62, 12),
(348, NULL, NULL, 50, b'0', 63, 12),
(349, NULL, NULL, 50, b'0', 64, 12),
(350, NULL, NULL, 50, b'0', 65, 12),
(351, NULL, NULL, 50, b'0', 66, 12),
(352, NULL, NULL, 50, b'0', 67, 12),
(353, NULL, NULL, 50, b'0', 68, 12),
(354, NULL, NULL, 50, b'0', 69, 12),
(355, NULL, NULL, 50, b'0', 70, 12),
(356, NULL, NULL, 50, b'0', 71, 12),
(357, NULL, NULL, 50, b'0', 72, 12),
(358, NULL, NULL, 50, b'0', 73, 12),
(359, NULL, NULL, 50, b'0', 74, 12),
(360, NULL, NULL, 50, b'0', 75, 12),
(361, NULL, NULL, 50, b'0', 76, 12),
(362, NULL, NULL, 50, b'0', 77, 12),
(363, NULL, NULL, 50, b'0', 78, 12),
(364, NULL, NULL, 50, b'0', 79, 12),
(365, NULL, NULL, 50, b'0', 80, 12),
(366, NULL, NULL, 50, b'0', 81, 12),
(367, NULL, NULL, 50, b'0', 82, 12),
(368, NULL, NULL, 50, b'0', 83, 12),
(369, NULL, NULL, 50, b'0', 84, 12),
(370, NULL, NULL, 50, b'0', 85, 12),
(371, NULL, NULL, 50, b'0', 86, 12),
(372, NULL, NULL, 50, b'0', 87, 12),
(373, NULL, NULL, 50, b'0', 88, 12),
(374, NULL, NULL, 50, b'0', 89, 12),
(375, NULL, NULL, 50, b'0', 90, 12),
(376, NULL, NULL, 50, b'0', 91, 12),
(377, NULL, NULL, 50, b'0', 92, 12),
(378, NULL, NULL, 50, b'0', 93, 12),
(379, NULL, NULL, 50, b'0', 94, 12),
(380, NULL, NULL, 50, b'0', 95, 12),
(381, NULL, NULL, 30, b'0', 96, 13),
(382, NULL, NULL, 30, b'0', 97, 13),
(383, NULL, NULL, 30, b'0', 98, 13),
(384, NULL, NULL, 30, b'0', 99, 13),
(385, NULL, NULL, 30, b'0', 100, 13),
(386, NULL, NULL, 30, b'0', 101, 13),
(387, NULL, NULL, 30, b'0', 102, 13),
(388, NULL, NULL, 30, b'0', 103, 13),
(389, NULL, NULL, 30, b'0', 104, 13),
(390, NULL, NULL, 30, b'0', 105, 13),
(391, NULL, NULL, 30, b'0', 106, 13),
(392, NULL, NULL, 30, b'0', 107, 13),
(393, NULL, NULL, 30, b'0', 108, 13),
(394, NULL, NULL, 30, b'0', 109, 13),
(395, NULL, NULL, 30, b'0', 110, 13),
(396, NULL, NULL, 30, b'0', 111, 13),
(397, NULL, NULL, 30, b'0', 112, 13),
(398, NULL, NULL, 100, b'0', 96, 14),
(399, NULL, NULL, 100, b'0', 97, 14),
(400, NULL, NULL, 100, b'0', 98, 14),
(401, NULL, NULL, 100, b'0', 99, 14),
(402, NULL, NULL, 100, b'0', 100, 14),
(403, NULL, NULL, 100, b'0', 101, 14),
(404, NULL, NULL, 100, b'0', 102, 14),
(405, NULL, NULL, 100, b'0', 103, 14),
(406, NULL, NULL, 100, b'0', 104, 14),
(407, NULL, NULL, 100, b'0', 105, 14),
(408, NULL, NULL, 100, b'0', 106, 14),
(409, NULL, NULL, 100, b'0', 107, 14),
(410, NULL, NULL, 100, b'0', 108, 14),
(411, NULL, NULL, 100, b'0', 109, 14),
(412, NULL, NULL, 100, b'0', 110, 14),
(413, NULL, NULL, 100, b'0', 111, 14),
(414, NULL, NULL, 100, b'0', 112, 14),
(415, NULL, NULL, 90, b'0', 96, 15),
(416, NULL, NULL, 90, b'0', 97, 15),
(417, NULL, NULL, 90, b'0', 98, 15),
(418, NULL, NULL, 90, b'0', 99, 15),
(419, NULL, NULL, 90, b'0', 100, 15),
(420, NULL, NULL, 90, b'0', 101, 15),
(421, NULL, NULL, 90, b'0', 102, 15),
(422, NULL, NULL, 90, b'0', 103, 15),
(423, NULL, NULL, 90, b'0', 104, 15),
(424, NULL, NULL, 90, b'0', 105, 15),
(425, NULL, NULL, 90, b'0', 106, 15),
(426, NULL, NULL, 90, b'0', 107, 15),
(427, NULL, NULL, 90, b'0', 108, 15),
(428, NULL, NULL, 90, b'0', 109, 15),
(429, NULL, NULL, 90, b'0', 110, 15),
(430, NULL, NULL, 90, b'0', 111, 15),
(431, NULL, NULL, 90, b'0', 112, 15),
(432, NULL, NULL, 30, b'0', 96, 16),
(433, NULL, NULL, 30, b'0', 97, 16),
(434, NULL, NULL, 30, b'0', 98, 16),
(435, NULL, NULL, 30, b'0', 99, 16),
(436, NULL, NULL, 30, b'0', 100, 16),
(437, NULL, NULL, 30, b'0', 101, 16),
(438, NULL, NULL, 30, b'0', 102, 16),
(439, NULL, NULL, 30, b'0', 103, 16),
(440, NULL, NULL, 30, b'0', 104, 16),
(441, NULL, NULL, 30, b'0', 105, 16),
(442, NULL, NULL, 30, b'0', 106, 16),
(443, NULL, NULL, 30, b'0', 107, 16),
(444, NULL, NULL, 30, b'0', 108, 16),
(445, NULL, NULL, 30, b'0', 109, 16),
(446, NULL, NULL, 30, b'0', 110, 16),
(447, NULL, NULL, 30, b'0', 111, 16),
(448, NULL, NULL, 30, b'0', 112, 16),
(449, NULL, NULL, 50, b'0', 113, 17),
(450, NULL, NULL, 50, b'0', 114, 17),
(451, NULL, NULL, 50, b'0', 115, 17),
(452, NULL, NULL, 50, b'0', 116, 17),
(453, NULL, NULL, 50, b'0', 117, 17),
(454, NULL, NULL, 50, b'0', 118, 17),
(455, NULL, NULL, 50, b'0', 119, 17),
(456, NULL, NULL, 50, b'0', 120, 17),
(457, NULL, NULL, 50, b'0', 121, 17),
(458, NULL, NULL, 50, b'0', 122, 17),
(459, NULL, NULL, 50, b'0', 123, 17),
(460, NULL, NULL, 50, b'0', 124, 17),
(461, NULL, NULL, 50, b'0', 125, 17),
(462, NULL, NULL, 50, b'0', 126, 17),
(463, NULL, NULL, 50, b'0', 127, 17),
(464, NULL, NULL, 50, b'0', 128, 17),
(465, NULL, NULL, 50, b'0', 129, 17),
(466, NULL, NULL, 50, b'0', 130, 17),
(467, NULL, NULL, 50, b'0', 131, 17),
(468, NULL, NULL, 50, b'0', 132, 17),
(469, NULL, NULL, 50, b'0', 133, 17),
(470, NULL, NULL, 50, b'0', 134, 17),
(471, NULL, NULL, 50, b'0', 135, 17),
(472, NULL, NULL, 50, b'0', 136, 17),
(473, NULL, NULL, 50, b'0', 137, 17),
(474, NULL, NULL, 50, b'0', 138, 17),
(475, NULL, NULL, 50, b'0', 139, 17),
(476, NULL, NULL, 50, b'0', 140, 17),
(477, NULL, NULL, 50, b'0', 141, 17),
(478, NULL, NULL, 50, b'0', 142, 17),
(479, NULL, NULL, 50, b'0', 143, 17),
(480, NULL, NULL, 50, b'0', 144, 17),
(481, NULL, NULL, 50, b'0', 145, 17),
(482, NULL, NULL, 30, b'0', 113, 18),
(483, NULL, NULL, 30, b'0', 114, 18),
(484, NULL, NULL, 30, b'0', 115, 18),
(485, NULL, NULL, 30, b'0', 116, 18),
(486, NULL, NULL, 30, b'0', 117, 18),
(487, NULL, NULL, 30, b'0', 118, 18),
(488, NULL, NULL, 30, b'0', 119, 18),
(489, NULL, NULL, 30, b'0', 120, 18),
(490, NULL, NULL, 30, b'0', 121, 18),
(491, NULL, NULL, 30, b'0', 122, 18),
(492, NULL, NULL, 30, b'0', 123, 18),
(493, NULL, NULL, 30, b'0', 124, 18),
(494, NULL, NULL, 30, b'0', 125, 18),
(495, NULL, NULL, 30, b'0', 126, 18),
(496, NULL, NULL, 30, b'0', 127, 18),
(497, NULL, NULL, 30, b'0', 128, 18),
(498, NULL, NULL, 30, b'0', 129, 18),
(499, NULL, NULL, 30, b'0', 130, 18),
(500, NULL, NULL, 30, b'0', 131, 18),
(501, NULL, NULL, 30, b'0', 132, 18),
(502, NULL, NULL, 30, b'0', 133, 18),
(503, NULL, NULL, 30, b'0', 134, 18),
(504, NULL, NULL, 30, b'0', 135, 18),
(505, NULL, NULL, 30, b'0', 136, 18),
(506, NULL, NULL, 30, b'0', 137, 18),
(507, NULL, NULL, 30, b'0', 138, 18),
(508, NULL, NULL, 30, b'0', 139, 18),
(509, NULL, NULL, 30, b'0', 140, 18),
(510, NULL, NULL, 30, b'0', 141, 18),
(511, NULL, NULL, 30, b'0', 142, 18),
(512, NULL, NULL, 30, b'0', 143, 18),
(513, NULL, NULL, 30, b'0', 144, 18),
(514, NULL, NULL, 30, b'0', 145, 18),
(515, NULL, NULL, 90, b'0', 113, 19),
(516, NULL, NULL, 90, b'0', 114, 19),
(517, NULL, NULL, 90, b'0', 115, 19),
(518, NULL, NULL, 90, b'0', 116, 19),
(519, NULL, NULL, 90, b'0', 117, 19),
(520, NULL, NULL, 90, b'0', 118, 19),
(521, NULL, NULL, 90, b'0', 119, 19),
(522, NULL, NULL, 90, b'0', 120, 19),
(523, NULL, NULL, 90, b'0', 121, 19),
(524, NULL, NULL, 90, b'0', 122, 19),
(525, NULL, NULL, 90, b'0', 123, 19),
(526, NULL, NULL, 90, b'0', 124, 19),
(527, NULL, NULL, 90, b'0', 125, 19),
(528, NULL, NULL, 90, b'0', 126, 19),
(529, NULL, NULL, 90, b'0', 127, 19),
(530, NULL, NULL, 90, b'0', 128, 19),
(531, NULL, NULL, 90, b'0', 129, 19),
(532, NULL, NULL, 90, b'0', 130, 19),
(533, NULL, NULL, 90, b'0', 131, 19),
(534, NULL, NULL, 90, b'0', 132, 19),
(535, NULL, NULL, 90, b'0', 133, 19),
(536, NULL, NULL, 90, b'0', 134, 19),
(537, NULL, NULL, 90, b'0', 135, 19),
(538, NULL, NULL, 90, b'0', 136, 19),
(539, NULL, NULL, 90, b'0', 137, 19),
(540, NULL, NULL, 90, b'0', 138, 19),
(541, NULL, NULL, 90, b'0', 139, 19),
(542, NULL, NULL, 90, b'0', 140, 19),
(543, NULL, NULL, 90, b'0', 141, 19),
(544, NULL, NULL, 90, b'0', 142, 19),
(545, NULL, NULL, 90, b'0', 143, 19),
(546, NULL, NULL, 90, b'0', 144, 19),
(547, NULL, NULL, 90, b'0', 145, 19),
(548, NULL, NULL, 30, b'0', 113, 20),
(549, NULL, NULL, 30, b'0', 114, 20),
(550, NULL, NULL, 30, b'0', 115, 20),
(551, NULL, NULL, 30, b'0', 116, 20),
(552, NULL, NULL, 30, b'0', 117, 20),
(553, NULL, NULL, 30, b'0', 118, 20),
(554, NULL, NULL, 30, b'0', 119, 20),
(555, NULL, NULL, 30, b'0', 120, 20),
(556, NULL, NULL, 30, b'0', 121, 20),
(557, NULL, NULL, 30, b'0', 122, 20),
(558, NULL, NULL, 30, b'0', 123, 20),
(559, NULL, NULL, 30, b'0', 124, 20),
(560, NULL, NULL, 30, b'0', 125, 20),
(561, NULL, NULL, 30, b'0', 126, 20),
(562, NULL, NULL, 30, b'0', 127, 20),
(563, NULL, NULL, 30, b'0', 128, 20),
(564, NULL, NULL, 30, b'0', 129, 20),
(565, NULL, NULL, 30, b'0', 130, 20),
(566, NULL, NULL, 30, b'0', 131, 20),
(567, NULL, NULL, 30, b'0', 132, 20),
(568, NULL, NULL, 30, b'0', 133, 20),
(569, NULL, NULL, 30, b'0', 134, 20),
(570, NULL, NULL, 30, b'0', 135, 20),
(571, NULL, NULL, 30, b'0', 136, 20),
(572, NULL, NULL, 30, b'0', 137, 20),
(573, NULL, NULL, 30, b'0', 138, 20),
(574, NULL, NULL, 30, b'0', 139, 20),
(575, NULL, NULL, 30, b'0', 140, 20),
(576, NULL, NULL, 30, b'0', 141, 20),
(577, NULL, NULL, 30, b'0', 142, 20),
(578, NULL, NULL, 30, b'0', 143, 20),
(579, NULL, NULL, 30, b'0', 144, 20),
(580, NULL, NULL, 30, b'0', 145, 20),
(581, NULL, NULL, 90, b'0', 146, 21),
(582, NULL, NULL, 90, b'0', 147, 21),
(583, NULL, NULL, 90, b'0', 148, 21),
(584, NULL, NULL, 90, b'0', 149, 21),
(585, NULL, NULL, 90, b'0', 150, 21),
(586, NULL, NULL, 90, b'0', 151, 21),
(587, NULL, NULL, 90, b'0', 152, 21),
(588, NULL, NULL, 90, b'0', 153, 21),
(589, NULL, NULL, 90, b'0', 154, 21),
(590, NULL, NULL, 90, b'0', 155, 21),
(591, NULL, NULL, 90, b'0', 156, 21),
(592, NULL, NULL, 90, b'0', 157, 21),
(593, NULL, NULL, 90, b'0', 158, 21),
(594, NULL, NULL, 90, b'0', 159, 21),
(595, NULL, NULL, 90, b'0', 160, 21),
(596, NULL, NULL, 90, b'0', 161, 21),
(597, NULL, NULL, 90, b'0', 162, 21),
(598, NULL, NULL, 90, b'0', 163, 21),
(599, NULL, NULL, 90, b'0', 164, 21),
(600, NULL, NULL, 90, b'0', 165, 21),
(601, NULL, NULL, 90, b'0', 166, 21),
(602, NULL, NULL, 90, b'0', 167, 21),
(603, NULL, NULL, 90, b'0', 168, 21),
(604, NULL, NULL, 90, b'0', 169, 21),
(605, NULL, NULL, 90, b'0', 170, 21),
(606, NULL, NULL, 30, b'0', 146, 22),
(607, NULL, NULL, 30, b'0', 147, 22),
(608, NULL, NULL, 30, b'0', 148, 22),
(609, NULL, NULL, 30, b'0', 149, 22),
(610, NULL, NULL, 30, b'0', 150, 22),
(611, NULL, NULL, 30, b'0', 151, 22),
(612, NULL, NULL, 30, b'0', 152, 22),
(613, NULL, NULL, 30, b'0', 153, 22),
(614, NULL, NULL, 30, b'0', 154, 22),
(615, NULL, NULL, 30, b'0', 155, 22),
(616, NULL, NULL, 30, b'0', 156, 22),
(617, NULL, NULL, 30, b'0', 157, 22),
(618, NULL, NULL, 30, b'0', 158, 22),
(619, NULL, NULL, 30, b'0', 159, 22),
(620, NULL, NULL, 30, b'0', 160, 22),
(621, NULL, NULL, 30, b'0', 161, 22),
(622, NULL, NULL, 30, b'0', 162, 22),
(623, NULL, NULL, 30, b'0', 163, 22),
(624, NULL, NULL, 30, b'0', 164, 22),
(625, NULL, NULL, 30, b'0', 165, 22),
(626, NULL, NULL, 30, b'0', 166, 22),
(627, NULL, NULL, 30, b'0', 167, 22),
(628, NULL, NULL, 30, b'0', 168, 22),
(629, NULL, NULL, 30, b'0', 169, 22),
(630, NULL, NULL, 30, b'0', 170, 22),
(631, NULL, NULL, 50, b'0', 146, 23),
(632, NULL, NULL, 50, b'0', 147, 23),
(633, NULL, NULL, 50, b'0', 148, 23),
(634, NULL, NULL, 50, b'0', 149, 23),
(635, NULL, NULL, 50, b'0', 150, 23),
(636, NULL, NULL, 50, b'0', 151, 23),
(637, NULL, NULL, 50, b'0', 152, 23),
(638, NULL, NULL, 50, b'0', 153, 23),
(639, NULL, NULL, 50, b'0', 154, 23),
(640, NULL, NULL, 50, b'0', 155, 23),
(641, NULL, NULL, 50, b'0', 156, 23),
(642, NULL, NULL, 50, b'0', 157, 23),
(643, NULL, NULL, 50, b'0', 158, 23),
(644, NULL, NULL, 50, b'0', 159, 23),
(645, NULL, NULL, 50, b'0', 160, 23),
(646, NULL, NULL, 50, b'0', 161, 23),
(647, NULL, NULL, 50, b'0', 162, 23),
(648, NULL, NULL, 50, b'0', 163, 23),
(649, NULL, NULL, 50, b'0', 164, 23),
(650, NULL, NULL, 50, b'0', 165, 23),
(651, NULL, NULL, 50, b'0', 166, 23),
(652, NULL, NULL, 50, b'0', 167, 23),
(653, NULL, NULL, 50, b'0', 168, 23),
(654, NULL, NULL, 50, b'0', 169, 23),
(655, NULL, NULL, 50, b'0', 170, 23),
(656, NULL, NULL, 90, b'0', 146, 24),
(657, NULL, NULL, 90, b'0', 147, 24),
(658, NULL, NULL, 90, b'0', 148, 24),
(659, NULL, NULL, 90, b'0', 149, 24),
(660, NULL, NULL, 90, b'0', 150, 24),
(661, NULL, NULL, 90, b'0', 151, 24),
(662, NULL, NULL, 90, b'0', 152, 24),
(663, NULL, NULL, 90, b'0', 153, 24),
(664, NULL, NULL, 90, b'0', 154, 24),
(665, NULL, NULL, 90, b'0', 155, 24),
(666, NULL, NULL, 90, b'0', 156, 24),
(667, NULL, NULL, 90, b'0', 157, 24),
(668, NULL, NULL, 90, b'0', 158, 24),
(669, NULL, NULL, 90, b'0', 159, 24),
(670, NULL, NULL, 90, b'0', 160, 24),
(671, NULL, NULL, 90, b'0', 161, 24),
(672, NULL, NULL, 90, b'0', 162, 24),
(673, NULL, NULL, 90, b'0', 163, 24),
(674, NULL, NULL, 90, b'0', 164, 24),
(675, NULL, NULL, 90, b'0', 165, 24),
(676, NULL, NULL, 90, b'0', 166, 24),
(677, NULL, NULL, 90, b'0', 167, 24),
(678, NULL, NULL, 90, b'0', 168, 24),
(679, NULL, NULL, 90, b'0', 169, 24),
(680, NULL, NULL, 90, b'0', 170, 24),
(681, NULL, NULL, 50, b'0', 171, 25),
(682, NULL, NULL, 50, b'0', 172, 25),
(683, NULL, NULL, 50, b'0', 173, 25),
(684, NULL, NULL, 50, b'0', 174, 25),
(685, NULL, NULL, 50, b'0', 175, 25),
(686, NULL, NULL, 50, b'0', 176, 25),
(687, NULL, NULL, 50, b'0', 177, 25),
(688, NULL, NULL, 50, b'0', 178, 25),
(689, NULL, NULL, 50, b'0', 179, 25),
(690, NULL, NULL, 50, b'0', 180, 25),
(691, NULL, NULL, 50, b'0', 181, 25),
(692, NULL, NULL, 50, b'0', 182, 25),
(693, NULL, NULL, 50, b'0', 183, 25),
(694, NULL, NULL, 50, b'0', 184, 25),
(695, NULL, NULL, 50, b'0', 185, 25),
(696, NULL, NULL, 50, b'0', 186, 25),
(697, NULL, NULL, 50, b'0', 187, 25),
(698, NULL, NULL, 50, b'0', 188, 25),
(699, NULL, NULL, 50, b'0', 189, 25),
(700, NULL, NULL, 50, b'0', 190, 25),
(701, NULL, NULL, 50, b'0', 191, 25),
(702, NULL, NULL, 50, b'0', 192, 25),
(703, NULL, NULL, 50, b'0', 193, 25),
(704, NULL, NULL, 50, b'0', 194, 25),
(705, NULL, NULL, 50, b'0', 195, 25),
(706, NULL, NULL, 50, b'0', 196, 25),
(707, NULL, NULL, 50, b'0', 197, 25),
(708, NULL, NULL, 50, b'0', 198, 25),
(709, NULL, NULL, 50, b'0', 199, 25),
(710, NULL, NULL, 50, b'0', 200, 25),
(711, NULL, NULL, 50, b'0', 201, 25),
(712, NULL, NULL, 50, b'0', 202, 25),
(713, NULL, NULL, 50, b'0', 203, 25),
(714, NULL, NULL, 50, b'0', 171, 26),
(715, NULL, NULL, 50, b'0', 172, 26),
(716, NULL, NULL, 50, b'0', 173, 26),
(717, NULL, NULL, 50, b'0', 174, 26),
(718, NULL, NULL, 50, b'0', 175, 26),
(719, NULL, NULL, 50, b'0', 176, 26),
(720, NULL, NULL, 50, b'0', 177, 26),
(721, NULL, NULL, 50, b'0', 178, 26),
(722, NULL, NULL, 50, b'0', 179, 26),
(723, NULL, NULL, 50, b'0', 180, 26),
(724, NULL, NULL, 50, b'0', 181, 26),
(725, NULL, NULL, 50, b'0', 182, 26),
(726, NULL, NULL, 50, b'0', 183, 26),
(727, NULL, NULL, 50, b'0', 184, 26),
(728, NULL, NULL, 50, b'0', 185, 26),
(729, NULL, NULL, 50, b'0', 186, 26),
(730, NULL, NULL, 50, b'0', 187, 26),
(731, NULL, NULL, 50, b'0', 188, 26),
(732, NULL, NULL, 50, b'0', 189, 26),
(733, NULL, NULL, 50, b'0', 190, 26),
(734, NULL, NULL, 50, b'0', 191, 26),
(735, NULL, NULL, 50, b'0', 192, 26),
(736, NULL, NULL, 50, b'0', 193, 26),
(737, NULL, NULL, 50, b'0', 194, 26),
(738, NULL, NULL, 50, b'0', 195, 26),
(739, NULL, NULL, 50, b'0', 196, 26),
(740, NULL, NULL, 50, b'0', 197, 26),
(741, NULL, NULL, 50, b'0', 198, 26),
(742, NULL, NULL, 50, b'0', 199, 26),
(743, NULL, NULL, 50, b'0', 200, 26),
(744, NULL, NULL, 50, b'0', 201, 26),
(745, NULL, NULL, 50, b'0', 202, 26),
(746, NULL, NULL, 50, b'0', 203, 26),
(747, NULL, NULL, 30, b'0', 171, 27),
(748, NULL, NULL, 30, b'0', 172, 27),
(749, NULL, NULL, 30, b'0', 173, 27),
(750, NULL, NULL, 30, b'0', 174, 27),
(751, NULL, NULL, 30, b'0', 175, 27),
(752, NULL, NULL, 30, b'0', 176, 27),
(753, NULL, NULL, 30, b'0', 177, 27),
(754, NULL, NULL, 30, b'0', 178, 27),
(755, NULL, NULL, 30, b'0', 179, 27),
(756, NULL, NULL, 30, b'0', 180, 27),
(757, NULL, NULL, 30, b'0', 181, 27),
(758, NULL, NULL, 30, b'0', 182, 27),
(759, NULL, NULL, 30, b'0', 183, 27),
(760, NULL, NULL, 30, b'0', 184, 27),
(761, NULL, NULL, 30, b'0', 185, 27),
(762, NULL, NULL, 30, b'0', 186, 27),
(763, NULL, NULL, 30, b'0', 187, 27),
(764, NULL, NULL, 30, b'0', 188, 27),
(765, NULL, NULL, 30, b'0', 189, 27),
(766, NULL, NULL, 30, b'0', 190, 27),
(767, NULL, NULL, 30, b'0', 191, 27),
(768, NULL, NULL, 30, b'0', 192, 27),
(769, NULL, NULL, 30, b'0', 193, 27),
(770, NULL, NULL, 30, b'0', 194, 27),
(771, NULL, NULL, 30, b'0', 195, 27),
(772, NULL, NULL, 30, b'0', 196, 27),
(773, NULL, NULL, 30, b'0', 197, 27),
(774, NULL, NULL, 30, b'0', 198, 27),
(775, NULL, NULL, 30, b'0', 199, 27),
(776, NULL, NULL, 30, b'0', 200, 27),
(777, NULL, NULL, 30, b'0', 201, 27),
(778, NULL, NULL, 30, b'0', 202, 27),
(779, NULL, NULL, 30, b'0', 203, 27),
(780, NULL, NULL, 90, b'0', 171, 28),
(781, NULL, NULL, 90, b'0', 172, 28),
(782, NULL, NULL, 90, b'0', 173, 28),
(783, NULL, NULL, 90, b'0', 174, 28),
(784, NULL, NULL, 90, b'0', 175, 28),
(785, NULL, NULL, 90, b'0', 176, 28),
(786, NULL, NULL, 90, b'0', 177, 28),
(787, NULL, NULL, 90, b'0', 178, 28),
(788, NULL, NULL, 90, b'0', 179, 28),
(789, NULL, NULL, 90, b'0', 180, 28),
(790, NULL, NULL, 90, b'0', 181, 28),
(791, NULL, NULL, 90, b'0', 182, 28),
(792, NULL, NULL, 90, b'0', 183, 28),
(793, NULL, NULL, 90, b'0', 184, 28),
(794, NULL, NULL, 90, b'0', 185, 28),
(795, NULL, NULL, 90, b'0', 186, 28),
(796, NULL, NULL, 90, b'0', 187, 28),
(797, NULL, NULL, 90, b'0', 188, 28),
(798, NULL, NULL, 90, b'0', 189, 28),
(799, NULL, NULL, 90, b'0', 190, 28),
(800, NULL, NULL, 90, b'0', 191, 28),
(801, NULL, NULL, 90, b'0', 192, 28),
(802, NULL, NULL, 90, b'0', 193, 28),
(803, NULL, NULL, 90, b'0', 194, 28),
(804, NULL, NULL, 90, b'0', 195, 28),
(805, NULL, NULL, 90, b'0', 196, 28),
(806, NULL, NULL, 90, b'0', 197, 28),
(807, NULL, NULL, 90, b'0', 198, 28),
(808, NULL, NULL, 90, b'0', 199, 28),
(809, NULL, NULL, 90, b'0', 200, 28),
(810, NULL, NULL, 90, b'0', 201, 28),
(811, NULL, NULL, 90, b'0', 202, 28),
(812, NULL, NULL, 90, b'0', 203, 28),
(813, NULL, NULL, 90, b'0', 204, 29),
(814, NULL, NULL, 90, b'0', 205, 29),
(815, NULL, NULL, 90, b'0', 206, 29),
(816, NULL, NULL, 90, b'0', 207, 29),
(817, NULL, NULL, 90, b'0', 208, 29),
(818, NULL, NULL, 90, b'0', 209, 29),
(819, NULL, NULL, 90, b'0', 210, 29),
(820, NULL, NULL, 90, b'0', 211, 29),
(821, NULL, NULL, 90, b'0', 212, 29),
(822, NULL, NULL, 90, b'0', 213, 29),
(823, NULL, NULL, 90, b'0', 214, 29),
(824, NULL, NULL, 90, b'0', 215, 29),
(825, NULL, NULL, 90, b'0', 216, 29),
(826, NULL, NULL, 90, b'0', 217, 29),
(827, NULL, NULL, 90, b'0', 218, 29),
(828, NULL, NULL, 90, b'0', 219, 29),
(829, NULL, NULL, 90, b'0', 220, 29),
(830, NULL, NULL, 90, b'0', 221, 29),
(831, NULL, NULL, 90, b'0', 222, 29),
(832, NULL, NULL, 90, b'0', 223, 29),
(833, NULL, NULL, 90, b'0', 224, 29),
(834, NULL, NULL, 90, b'0', 225, 29),
(835, NULL, NULL, 90, b'0', 226, 29),
(836, NULL, NULL, 90, b'0', 227, 29),
(837, NULL, NULL, 90, b'0', 228, 29),
(838, NULL, NULL, 90, b'0', 229, 29),
(839, NULL, NULL, 90, b'0', 230, 29),
(840, NULL, NULL, 90, b'0', 231, 29),
(841, NULL, NULL, 90, b'0', 232, 29),
(842, NULL, NULL, 90, b'0', 233, 29),
(843, NULL, NULL, 90, b'0', 234, 29),
(844, NULL, NULL, 90, b'0', 235, 29),
(845, NULL, NULL, 70, b'0', 204, 30),
(846, NULL, NULL, 70, b'0', 205, 30),
(847, NULL, NULL, 70, b'0', 206, 30),
(848, NULL, NULL, 70, b'0', 207, 30),
(849, NULL, NULL, 70, b'0', 208, 30),
(850, NULL, NULL, 70, b'0', 209, 30),
(851, NULL, NULL, 70, b'0', 210, 30),
(852, NULL, NULL, 70, b'0', 211, 30),
(853, NULL, NULL, 70, b'0', 212, 30),
(854, NULL, NULL, 70, b'0', 213, 30),
(855, NULL, NULL, 70, b'0', 214, 30),
(856, NULL, NULL, 70, b'0', 215, 30),
(857, NULL, NULL, 70, b'0', 216, 30),
(858, NULL, NULL, 70, b'0', 217, 30),
(859, NULL, NULL, 70, b'0', 218, 30),
(860, NULL, NULL, 70, b'0', 219, 30),
(861, NULL, NULL, 70, b'0', 220, 30),
(862, NULL, NULL, 70, b'0', 221, 30),
(863, NULL, NULL, 70, b'0', 222, 30),
(864, NULL, NULL, 70, b'0', 223, 30),
(865, NULL, NULL, 70, b'0', 224, 30),
(866, NULL, NULL, 70, b'0', 225, 30),
(867, NULL, NULL, 70, b'0', 226, 30),
(868, NULL, NULL, 70, b'0', 227, 30),
(869, NULL, NULL, 70, b'0', 228, 30),
(870, NULL, NULL, 70, b'0', 229, 30),
(871, NULL, NULL, 70, b'0', 230, 30),
(872, NULL, NULL, 70, b'0', 231, 30),
(873, NULL, NULL, 70, b'0', 232, 30),
(874, NULL, NULL, 70, b'0', 233, 30),
(875, NULL, NULL, 70, b'0', 234, 30),
(876, NULL, NULL, 70, b'0', 235, 30),
(877, NULL, NULL, 50, b'0', 204, 31),
(878, NULL, NULL, 50, b'0', 205, 31),
(879, NULL, NULL, 50, b'0', 206, 31),
(880, NULL, NULL, 50, b'0', 207, 31),
(881, NULL, NULL, 50, b'0', 208, 31),
(882, NULL, NULL, 50, b'0', 209, 31),
(883, NULL, NULL, 50, b'0', 210, 31),
(884, NULL, NULL, 50, b'0', 211, 31),
(885, NULL, NULL, 50, b'0', 212, 31),
(886, NULL, NULL, 50, b'0', 213, 31),
(887, NULL, NULL, 50, b'0', 214, 31),
(888, NULL, NULL, 50, b'0', 215, 31),
(889, NULL, NULL, 50, b'0', 216, 31),
(890, NULL, NULL, 50, b'0', 217, 31),
(891, NULL, NULL, 50, b'0', 218, 31),
(892, NULL, NULL, 50, b'0', 219, 31),
(893, NULL, NULL, 50, b'0', 220, 31),
(894, NULL, NULL, 50, b'0', 221, 31),
(895, NULL, NULL, 50, b'0', 222, 31),
(896, NULL, NULL, 50, b'0', 223, 31),
(897, NULL, NULL, 50, b'0', 224, 31),
(898, NULL, NULL, 50, b'0', 225, 31),
(899, NULL, NULL, 50, b'0', 226, 31),
(900, NULL, NULL, 50, b'0', 227, 31),
(901, NULL, NULL, 50, b'0', 228, 31),
(902, NULL, NULL, 50, b'0', 229, 31),
(903, NULL, NULL, 50, b'0', 230, 31),
(904, NULL, NULL, 50, b'0', 231, 31),
(905, NULL, NULL, 50, b'0', 232, 31),
(906, NULL, NULL, 50, b'0', 233, 31),
(907, NULL, NULL, 50, b'0', 234, 31),
(908, NULL, NULL, 50, b'0', 235, 31),
(909, NULL, NULL, 30, b'0', 204, 32),
(910, NULL, NULL, 30, b'0', 205, 32),
(911, NULL, NULL, 30, b'0', 206, 32),
(912, NULL, NULL, 30, b'0', 207, 32),
(913, NULL, NULL, 30, b'0', 208, 32),
(914, NULL, NULL, 30, b'0', 209, 32),
(915, NULL, NULL, 30, b'0', 210, 32),
(916, NULL, NULL, 30, b'0', 211, 32),
(917, NULL, NULL, 30, b'0', 212, 32),
(918, NULL, NULL, 30, b'0', 213, 32),
(919, NULL, NULL, 30, b'0', 214, 32),
(920, NULL, NULL, 30, b'0', 215, 32),
(921, NULL, NULL, 30, b'0', 216, 32),
(922, NULL, NULL, 30, b'0', 217, 32),
(923, NULL, NULL, 30, b'0', 218, 32),
(924, NULL, NULL, 30, b'0', 219, 32),
(925, NULL, NULL, 30, b'0', 220, 32),
(926, NULL, NULL, 30, b'0', 221, 32),
(927, NULL, NULL, 30, b'0', 222, 32),
(928, NULL, NULL, 30, b'0', 223, 32),
(929, NULL, NULL, 30, b'0', 224, 32),
(930, NULL, NULL, 30, b'0', 225, 32),
(931, NULL, NULL, 30, b'0', 226, 32),
(932, NULL, NULL, 30, b'0', 227, 32),
(933, NULL, NULL, 30, b'0', 228, 32),
(934, NULL, NULL, 30, b'0', 229, 32),
(935, NULL, NULL, 30, b'0', 230, 32),
(936, NULL, NULL, 30, b'0', 231, 32),
(937, NULL, NULL, 30, b'0', 232, 32),
(938, NULL, NULL, 30, b'0', 233, 32),
(939, NULL, NULL, 30, b'0', 234, 32),
(940, NULL, NULL, 30, b'0', 235, 32),
(941, NULL, NULL, 30, b'0', 236, 33),
(942, NULL, NULL, 30, b'0', 237, 33),
(943, NULL, NULL, 30, b'0', 238, 33),
(944, NULL, NULL, 30, b'0', 239, 33),
(945, NULL, NULL, 30, b'0', 240, 33),
(946, NULL, NULL, 30, b'0', 241, 33),
(947, NULL, NULL, 30, b'0', 242, 33),
(948, NULL, NULL, 30, b'0', 243, 33),
(949, NULL, NULL, 30, b'0', 244, 33),
(950, NULL, NULL, 30, b'0', 245, 33),
(951, NULL, NULL, 30, b'0', 246, 33),
(952, NULL, NULL, 30, b'0', 247, 33),
(953, NULL, NULL, 30, b'0', 248, 33),
(954, NULL, NULL, 30, b'0', 249, 33),
(955, NULL, NULL, 30, b'0', 250, 33),
(956, NULL, NULL, 30, b'0', 251, 33),
(957, NULL, NULL, 30, b'0', 252, 33),
(958, NULL, NULL, 30, b'0', 253, 33),
(959, NULL, NULL, 100, b'0', 236, 34),
(960, NULL, NULL, 100, b'0', 237, 34),
(961, NULL, NULL, 100, b'0', 238, 34),
(962, NULL, NULL, 100, b'0', 239, 34),
(963, NULL, NULL, 100, b'0', 240, 34),
(964, NULL, NULL, 100, b'0', 241, 34),
(965, NULL, NULL, 100, b'0', 242, 34),
(966, NULL, NULL, 100, b'0', 243, 34),
(967, NULL, NULL, 100, b'0', 244, 34),
(968, NULL, NULL, 100, b'0', 245, 34),
(969, NULL, NULL, 100, b'0', 246, 34),
(970, NULL, NULL, 100, b'0', 247, 34),
(971, NULL, NULL, 100, b'0', 248, 34),
(972, NULL, NULL, 100, b'0', 249, 34),
(973, NULL, NULL, 100, b'0', 250, 34),
(974, NULL, NULL, 100, b'0', 251, 34),
(975, NULL, NULL, 100, b'0', 252, 34),
(976, NULL, NULL, 100, b'0', 253, 34),
(977, NULL, NULL, 70, b'0', 236, 35),
(978, NULL, NULL, 70, b'0', 237, 35),
(979, NULL, NULL, 70, b'0', 238, 35),
(980, NULL, NULL, 70, b'0', 239, 35),
(981, NULL, NULL, 70, b'0', 240, 35),
(982, NULL, NULL, 70, b'0', 241, 35),
(983, NULL, NULL, 70, b'0', 242, 35),
(984, NULL, NULL, 70, b'0', 243, 35),
(985, NULL, NULL, 70, b'0', 244, 35),
(986, NULL, NULL, 70, b'0', 245, 35),
(987, NULL, NULL, 70, b'0', 246, 35),
(988, NULL, NULL, 70, b'0', 247, 35),
(989, NULL, NULL, 70, b'0', 248, 35),
(990, NULL, NULL, 70, b'0', 249, 35),
(991, NULL, NULL, 70, b'0', 250, 35),
(992, NULL, NULL, 70, b'0', 251, 35),
(993, NULL, NULL, 70, b'0', 252, 35),
(994, NULL, NULL, 70, b'0', 253, 35),
(995, NULL, NULL, 90, b'0', 236, 36),
(996, NULL, NULL, 90, b'0', 237, 36),
(997, NULL, NULL, 90, b'0', 238, 36),
(998, NULL, NULL, 90, b'0', 239, 36),
(999, NULL, NULL, 90, b'0', 240, 36),
(1000, NULL, NULL, 90, b'0', 241, 36),
(1001, NULL, NULL, 90, b'0', 242, 36),
(1002, NULL, NULL, 90, b'0', 243, 36),
(1003, NULL, NULL, 90, b'0', 244, 36),
(1004, NULL, NULL, 90, b'0', 245, 36),
(1005, NULL, NULL, 90, b'0', 246, 36),
(1006, NULL, NULL, 90, b'0', 247, 36),
(1007, NULL, NULL, 90, b'0', 248, 36),
(1008, NULL, NULL, 90, b'0', 249, 36),
(1009, NULL, NULL, 90, b'0', 250, 36),
(1010, NULL, NULL, 90, b'0', 251, 36),
(1011, NULL, NULL, 90, b'0', 252, 36),
(1012, NULL, NULL, 90, b'0', 253, 36),
(1013, NULL, NULL, 70, b'0', 254, 37),
(1014, NULL, NULL, 70, b'0', 255, 37),
(1015, NULL, NULL, 70, b'0', 256, 37),
(1016, NULL, NULL, 70, b'0', 257, 37),
(1017, NULL, NULL, 70, b'0', 258, 37),
(1018, NULL, NULL, 70, b'0', 259, 37),
(1019, NULL, NULL, 70, b'0', 260, 37),
(1020, NULL, NULL, 70, b'0', 261, 37),
(1021, NULL, NULL, 70, b'0', 262, 37),
(1022, NULL, NULL, 70, b'0', 263, 37),
(1023, NULL, NULL, 70, b'0', 264, 37),
(1024, NULL, NULL, 70, b'0', 265, 37),
(1025, NULL, NULL, 70, b'0', 266, 37),
(1026, NULL, NULL, 70, b'0', 267, 37),
(1027, NULL, NULL, 70, b'0', 268, 37),
(1028, NULL, NULL, 70, b'0', 269, 37),
(1029, NULL, NULL, 70, b'0', 270, 37),
(1030, NULL, NULL, 70, b'0', 271, 37),
(1031, NULL, NULL, 70, b'0', 272, 37),
(1032, NULL, NULL, 70, b'0', 273, 37),
(1033, NULL, NULL, 70, b'0', 274, 37),
(1034, NULL, NULL, 70, b'0', 275, 37),
(1035, NULL, NULL, 70, b'0', 276, 37),
(1036, NULL, NULL, 70, b'0', 277, 37),
(1037, NULL, NULL, 30, b'0', 254, 38),
(1038, NULL, NULL, 30, b'0', 255, 38),
(1039, NULL, NULL, 30, b'0', 256, 38),
(1040, NULL, NULL, 30, b'0', 257, 38),
(1041, NULL, NULL, 30, b'0', 258, 38),
(1042, NULL, NULL, 30, b'0', 259, 38),
(1043, NULL, NULL, 30, b'0', 260, 38),
(1044, NULL, NULL, 30, b'0', 261, 38),
(1045, NULL, NULL, 30, b'0', 262, 38),
(1046, NULL, NULL, 30, b'0', 263, 38),
(1047, NULL, NULL, 30, b'0', 264, 38),
(1048, NULL, NULL, 30, b'0', 265, 38),
(1049, NULL, NULL, 30, b'0', 266, 38),
(1050, NULL, NULL, 30, b'0', 267, 38),
(1051, NULL, NULL, 30, b'0', 268, 38),
(1052, NULL, NULL, 30, b'0', 269, 38),
(1053, NULL, NULL, 30, b'0', 270, 38),
(1054, NULL, NULL, 30, b'0', 271, 38),
(1055, NULL, NULL, 30, b'0', 272, 38),
(1056, NULL, NULL, 30, b'0', 273, 38),
(1057, NULL, NULL, 30, b'0', 274, 38),
(1058, NULL, NULL, 30, b'0', 275, 38),
(1059, NULL, NULL, 30, b'0', 276, 38),
(1060, NULL, NULL, 30, b'0', 277, 38),
(1061, NULL, NULL, 70, b'0', 254, 39),
(1062, NULL, NULL, 70, b'0', 255, 39),
(1063, NULL, NULL, 70, b'0', 256, 39),
(1064, NULL, NULL, 70, b'0', 257, 39),
(1065, NULL, NULL, 70, b'0', 258, 39),
(1066, NULL, NULL, 70, b'0', 259, 39),
(1067, NULL, NULL, 70, b'0', 260, 39),
(1068, NULL, NULL, 70, b'0', 261, 39),
(1069, NULL, NULL, 70, b'0', 262, 39),
(1070, NULL, NULL, 70, b'0', 263, 39),
(1071, NULL, NULL, 70, b'0', 264, 39),
(1072, NULL, NULL, 70, b'0', 265, 39),
(1073, NULL, NULL, 70, b'0', 266, 39),
(1074, NULL, NULL, 70, b'0', 267, 39),
(1075, NULL, NULL, 70, b'0', 268, 39),
(1076, NULL, NULL, 70, b'0', 269, 39),
(1077, NULL, NULL, 70, b'0', 270, 39),
(1078, NULL, NULL, 70, b'0', 271, 39),
(1079, NULL, NULL, 70, b'0', 272, 39),
(1080, NULL, NULL, 70, b'0', 273, 39),
(1081, NULL, NULL, 70, b'0', 274, 39),
(1082, NULL, NULL, 70, b'0', 275, 39),
(1083, NULL, NULL, 70, b'0', 276, 39),
(1084, NULL, NULL, 70, b'0', 277, 39),
(1085, NULL, NULL, 30, b'0', 254, 40),
(1086, NULL, NULL, 30, b'0', 255, 40),
(1087, NULL, NULL, 30, b'0', 256, 40),
(1088, NULL, NULL, 30, b'0', 257, 40),
(1089, NULL, NULL, 30, b'0', 258, 40),
(1090, NULL, NULL, 30, b'0', 259, 40),
(1091, NULL, NULL, 30, b'0', 260, 40),
(1092, NULL, NULL, 30, b'0', 261, 40),
(1093, NULL, NULL, 30, b'0', 262, 40),
(1094, NULL, NULL, 30, b'0', 263, 40),
(1095, NULL, NULL, 30, b'0', 264, 40),
(1096, NULL, NULL, 30, b'0', 265, 40),
(1097, NULL, NULL, 30, b'0', 266, 40),
(1098, NULL, NULL, 30, b'0', 267, 40),
(1099, NULL, NULL, 30, b'0', 268, 40),
(1100, NULL, NULL, 30, b'0', 269, 40),
(1101, NULL, NULL, 30, b'0', 270, 40),
(1102, NULL, NULL, 30, b'0', 271, 40),
(1103, NULL, NULL, 30, b'0', 272, 40),
(1104, NULL, NULL, 30, b'0', 273, 40),
(1105, NULL, NULL, 30, b'0', 274, 40),
(1106, NULL, NULL, 30, b'0', 275, 40),
(1107, NULL, NULL, 30, b'0', 276, 40),
(1108, NULL, NULL, 30, b'0', 277, 40),
(1109, NULL, NULL, 100, b'0', 278, 41),
(1110, NULL, NULL, 100, b'0', 279, 41),
(1111, NULL, NULL, 100, b'0', 280, 41),
(1112, NULL, NULL, 100, b'0', 281, 41),
(1113, NULL, NULL, 100, b'0', 282, 41),
(1114, NULL, NULL, 100, b'0', 283, 41),
(1115, NULL, NULL, 100, b'0', 284, 41),
(1116, NULL, NULL, 100, b'0', 285, 41),
(1117, NULL, NULL, 100, b'0', 286, 41),
(1118, NULL, NULL, 100, b'0', 287, 41),
(1119, NULL, NULL, 100, b'0', 288, 41),
(1120, NULL, NULL, 100, b'0', 289, 41),
(1121, NULL, NULL, 100, b'0', 290, 41),
(1122, NULL, NULL, 100, b'0', 291, 41),
(1123, NULL, NULL, 100, b'0', 292, 41),
(1124, NULL, NULL, 100, b'0', 293, 41),
(1125, NULL, NULL, 100, b'0', 294, 41),
(1126, NULL, NULL, 100, b'0', 295, 41),
(1127, NULL, NULL, 100, b'0', 296, 41),
(1128, NULL, NULL, 100, b'0', 297, 41),
(1129, NULL, NULL, 100, b'0', 298, 41),
(1130, NULL, NULL, 100, b'0', 299, 41),
(1131, NULL, NULL, 100, b'0', 300, 41),
(1132, NULL, NULL, 100, b'0', 301, 41),
(1133, NULL, NULL, 100, b'0', 302, 41),
(1134, NULL, NULL, 100, b'0', 303, 41),
(1135, NULL, NULL, 100, b'0', 304, 41),
(1136, NULL, NULL, 100, b'0', 305, 41),
(1137, NULL, NULL, 100, b'0', 306, 41),
(1138, NULL, NULL, 100, b'0', 307, 41),
(1139, NULL, NULL, 100, b'0', 308, 41),
(1140, NULL, NULL, 100, b'0', 278, 42),
(1141, NULL, NULL, 100, b'0', 279, 42),
(1142, NULL, NULL, 100, b'0', 280, 42),
(1143, NULL, NULL, 100, b'0', 281, 42),
(1144, NULL, NULL, 100, b'0', 282, 42),
(1145, NULL, NULL, 100, b'0', 283, 42),
(1146, NULL, NULL, 100, b'0', 284, 42),
(1147, NULL, NULL, 100, b'0', 285, 42),
(1148, NULL, NULL, 100, b'0', 286, 42),
(1149, NULL, NULL, 100, b'0', 287, 42),
(1150, NULL, NULL, 100, b'0', 288, 42),
(1151, NULL, NULL, 100, b'0', 289, 42),
(1152, NULL, NULL, 100, b'0', 290, 42),
(1153, NULL, NULL, 100, b'0', 291, 42),
(1154, NULL, NULL, 100, b'0', 292, 42),
(1155, NULL, NULL, 100, b'0', 293, 42),
(1156, NULL, NULL, 100, b'0', 294, 42),
(1157, NULL, NULL, 100, b'0', 295, 42),
(1158, NULL, NULL, 100, b'0', 296, 42),
(1159, NULL, NULL, 100, b'0', 297, 42),
(1160, NULL, NULL, 100, b'0', 298, 42),
(1161, NULL, NULL, 100, b'0', 299, 42),
(1162, NULL, NULL, 100, b'0', 300, 42),
(1163, NULL, NULL, 100, b'0', 301, 42),
(1164, NULL, NULL, 100, b'0', 302, 42),
(1165, NULL, NULL, 100, b'0', 303, 42),
(1166, NULL, NULL, 100, b'0', 304, 42),
(1167, NULL, NULL, 100, b'0', 305, 42),
(1168, NULL, NULL, 100, b'0', 306, 42),
(1169, NULL, NULL, 100, b'0', 307, 42),
(1170, NULL, NULL, 100, b'0', 308, 42),
(1171, NULL, NULL, 90, b'0', 278, 43),
(1172, NULL, NULL, 90, b'0', 279, 43),
(1173, NULL, NULL, 90, b'0', 280, 43),
(1174, NULL, NULL, 90, b'0', 281, 43),
(1175, NULL, NULL, 90, b'0', 282, 43),
(1176, NULL, NULL, 90, b'0', 283, 43),
(1177, NULL, NULL, 90, b'0', 284, 43),
(1178, NULL, NULL, 90, b'0', 285, 43),
(1179, NULL, NULL, 90, b'0', 286, 43),
(1180, NULL, NULL, 90, b'0', 287, 43),
(1181, NULL, NULL, 90, b'0', 288, 43),
(1182, NULL, NULL, 90, b'0', 289, 43),
(1183, NULL, NULL, 90, b'0', 290, 43),
(1184, NULL, NULL, 90, b'0', 291, 43),
(1185, NULL, NULL, 90, b'0', 292, 43),
(1186, NULL, NULL, 90, b'0', 293, 43),
(1187, NULL, NULL, 90, b'0', 294, 43),
(1188, NULL, NULL, 90, b'0', 295, 43),
(1189, NULL, NULL, 90, b'0', 296, 43),
(1190, NULL, NULL, 90, b'0', 297, 43),
(1191, NULL, NULL, 90, b'0', 298, 43),
(1192, NULL, NULL, 90, b'0', 299, 43),
(1193, NULL, NULL, 90, b'0', 300, 43),
(1194, NULL, NULL, 90, b'0', 301, 43),
(1195, NULL, NULL, 90, b'0', 302, 43),
(1196, NULL, NULL, 90, b'0', 303, 43),
(1197, NULL, NULL, 90, b'0', 304, 43),
(1198, NULL, NULL, 90, b'0', 305, 43),
(1199, NULL, NULL, 90, b'0', 306, 43),
(1200, NULL, NULL, 90, b'0', 307, 43),
(1201, NULL, NULL, 90, b'0', 308, 43),
(1202, NULL, NULL, 90, b'0', 278, 44),
(1203, NULL, NULL, 90, b'0', 279, 44),
(1204, NULL, NULL, 90, b'0', 280, 44),
(1205, NULL, NULL, 90, b'0', 281, 44),
(1206, NULL, NULL, 90, b'0', 282, 44),
(1207, NULL, NULL, 90, b'0', 283, 44),
(1208, NULL, NULL, 90, b'0', 284, 44),
(1209, NULL, NULL, 90, b'0', 285, 44),
(1210, NULL, NULL, 90, b'0', 286, 44),
(1211, NULL, NULL, 90, b'0', 287, 44),
(1212, NULL, NULL, 90, b'0', 288, 44),
(1213, NULL, NULL, 90, b'0', 289, 44),
(1214, NULL, NULL, 90, b'0', 290, 44),
(1215, NULL, NULL, 90, b'0', 291, 44),
(1216, NULL, NULL, 90, b'0', 292, 44),
(1217, NULL, NULL, 90, b'0', 293, 44),
(1218, NULL, NULL, 90, b'0', 294, 44),
(1219, NULL, NULL, 90, b'0', 295, 44),
(1220, NULL, NULL, 90, b'0', 296, 44),
(1221, NULL, NULL, 90, b'0', 297, 44),
(1222, NULL, NULL, 90, b'0', 298, 44),
(1223, NULL, NULL, 90, b'0', 299, 44),
(1224, NULL, NULL, 90, b'0', 300, 44),
(1225, NULL, NULL, 90, b'0', 301, 44),
(1226, NULL, NULL, 90, b'0', 302, 44),
(1227, NULL, NULL, 90, b'0', 303, 44),
(1228, NULL, NULL, 90, b'0', 304, 44),
(1229, NULL, NULL, 90, b'0', 305, 44),
(1230, NULL, NULL, 90, b'0', 306, 44),
(1231, NULL, NULL, 90, b'0', 307, 44),
(1232, NULL, NULL, 90, b'0', 308, 44),
(1233, NULL, NULL, 100, b'0', 309, 45),
(1234, NULL, NULL, 100, b'0', 310, 45),
(1235, NULL, NULL, 100, b'0', 311, 45),
(1236, NULL, NULL, 100, b'0', 312, 45),
(1237, NULL, NULL, 100, b'0', 313, 45),
(1238, NULL, NULL, 100, b'0', 314, 45),
(1239, NULL, NULL, 100, b'0', 315, 45),
(1240, NULL, NULL, 100, b'0', 316, 45),
(1241, NULL, NULL, 100, b'0', 317, 45),
(1242, NULL, NULL, 100, b'0', 318, 45),
(1243, NULL, NULL, 100, b'0', 319, 45),
(1244, NULL, NULL, 100, b'0', 320, 45),
(1245, NULL, NULL, 100, b'0', 321, 45),
(1246, NULL, NULL, 100, b'0', 322, 45),
(1247, NULL, NULL, 100, b'0', 323, 45),
(1248, NULL, NULL, 100, b'0', 324, 45),
(1249, NULL, NULL, 100, b'0', 325, 45),
(1250, NULL, NULL, 100, b'0', 326, 45),
(1251, NULL, NULL, 100, b'0', 327, 45),
(1252, NULL, NULL, 90, b'0', 309, 46),
(1253, NULL, NULL, 90, b'0', 310, 46),
(1254, NULL, NULL, 90, b'0', 311, 46),
(1255, NULL, NULL, 90, b'0', 312, 46),
(1256, NULL, NULL, 90, b'0', 313, 46),
(1257, NULL, NULL, 90, b'0', 314, 46),
(1258, NULL, NULL, 90, b'0', 315, 46),
(1259, NULL, NULL, 90, b'0', 316, 46),
(1260, NULL, NULL, 90, b'0', 317, 46),
(1261, NULL, NULL, 90, b'0', 318, 46),
(1262, NULL, NULL, 90, b'0', 319, 46),
(1263, NULL, NULL, 90, b'0', 320, 46),
(1264, NULL, NULL, 90, b'0', 321, 46),
(1265, NULL, NULL, 90, b'0', 322, 46),
(1266, NULL, NULL, 90, b'0', 323, 46),
(1267, NULL, NULL, 90, b'0', 324, 46),
(1268, NULL, NULL, 90, b'0', 325, 46),
(1269, NULL, NULL, 90, b'0', 326, 46),
(1270, NULL, NULL, 90, b'0', 327, 46),
(1271, NULL, NULL, 100, b'0', 309, 47),
(1272, NULL, NULL, 100, b'0', 310, 47),
(1273, NULL, NULL, 100, b'0', 311, 47),
(1274, NULL, NULL, 100, b'0', 312, 47),
(1275, NULL, NULL, 100, b'0', 313, 47),
(1276, NULL, NULL, 100, b'0', 314, 47),
(1277, NULL, NULL, 100, b'0', 315, 47),
(1278, NULL, NULL, 100, b'0', 316, 47),
(1279, NULL, NULL, 100, b'0', 317, 47),
(1280, NULL, NULL, 100, b'0', 318, 47),
(1281, NULL, NULL, 100, b'0', 319, 47),
(1282, NULL, NULL, 100, b'0', 320, 47),
(1283, NULL, NULL, 100, b'0', 321, 47),
(1284, NULL, NULL, 100, b'0', 322, 47),
(1285, NULL, NULL, 100, b'0', 323, 47),
(1286, NULL, NULL, 100, b'0', 324, 47),
(1287, NULL, NULL, 100, b'0', 325, 47),
(1288, NULL, NULL, 100, b'0', 326, 47),
(1289, NULL, NULL, 100, b'0', 327, 47),
(1290, NULL, NULL, 90, b'0', 309, 48),
(1291, NULL, NULL, 90, b'0', 310, 48),
(1292, NULL, NULL, 90, b'0', 311, 48),
(1293, NULL, NULL, 90, b'0', 312, 48),
(1294, NULL, NULL, 90, b'0', 313, 48),
(1295, NULL, NULL, 90, b'0', 314, 48),
(1296, NULL, NULL, 90, b'0', 315, 48),
(1297, NULL, NULL, 90, b'0', 316, 48),
(1298, NULL, NULL, 90, b'0', 317, 48),
(1299, NULL, NULL, 90, b'0', 318, 48),
(1300, NULL, NULL, 90, b'0', 319, 48),
(1301, NULL, NULL, 90, b'0', 320, 48),
(1302, NULL, NULL, 90, b'0', 321, 48),
(1303, NULL, NULL, 90, b'0', 322, 48),
(1304, NULL, NULL, 90, b'0', 323, 48),
(1305, NULL, NULL, 90, b'0', 324, 48),
(1306, NULL, NULL, 90, b'0', 325, 48),
(1307, NULL, NULL, 90, b'0', 326, 48),
(1308, NULL, NULL, 90, b'0', 327, 48),
(1309, NULL, NULL, 100, b'0', 328, 49),
(1310, NULL, NULL, 100, b'0', 329, 49),
(1311, NULL, NULL, 100, b'0', 330, 49),
(1312, NULL, NULL, 100, b'0', 331, 49),
(1313, NULL, NULL, 100, b'0', 332, 49),
(1314, NULL, NULL, 100, b'0', 333, 49),
(1315, NULL, NULL, 100, b'0', 334, 49),
(1316, NULL, NULL, 100, b'0', 335, 49),
(1317, NULL, NULL, 100, b'0', 336, 49),
(1318, NULL, NULL, 100, b'0', 337, 49),
(1319, NULL, NULL, 100, b'0', 338, 49),
(1320, NULL, NULL, 100, b'0', 339, 49),
(1321, NULL, NULL, 100, b'0', 340, 49),
(1322, NULL, NULL, 100, b'0', 341, 49),
(1323, NULL, NULL, 100, b'0', 342, 49),
(1324, NULL, NULL, 100, b'0', 343, 49),
(1325, NULL, NULL, 100, b'0', 344, 49),
(1326, NULL, NULL, 100, b'0', 345, 49),
(1327, NULL, NULL, 100, b'0', 346, 49),
(1328, NULL, NULL, 100, b'0', 347, 49),
(1329, NULL, NULL, 100, b'0', 348, 49),
(1330, NULL, NULL, 100, b'0', 349, 49),
(1331, NULL, NULL, 100, b'0', 350, 49),
(1332, NULL, NULL, 100, b'0', 351, 49),
(1333, NULL, NULL, 100, b'0', 352, 49),
(1334, NULL, NULL, 100, b'0', 353, 49),
(1335, NULL, NULL, 70, b'0', 328, 50),
(1336, NULL, NULL, 70, b'0', 329, 50),
(1337, NULL, NULL, 70, b'0', 330, 50),
(1338, NULL, NULL, 70, b'0', 331, 50),
(1339, NULL, NULL, 70, b'0', 332, 50),
(1340, NULL, NULL, 70, b'0', 333, 50),
(1341, NULL, NULL, 70, b'0', 334, 50),
(1342, NULL, NULL, 70, b'0', 335, 50),
(1343, NULL, NULL, 70, b'0', 336, 50),
(1344, NULL, NULL, 70, b'0', 337, 50),
(1345, NULL, NULL, 70, b'0', 338, 50),
(1346, NULL, NULL, 70, b'0', 339, 50),
(1347, NULL, NULL, 70, b'0', 340, 50),
(1348, NULL, NULL, 70, b'0', 341, 50),
(1349, NULL, NULL, 70, b'0', 342, 50),
(1350, NULL, NULL, 70, b'0', 343, 50),
(1351, NULL, NULL, 70, b'0', 344, 50),
(1352, NULL, NULL, 70, b'0', 345, 50),
(1353, NULL, NULL, 70, b'0', 346, 50),
(1354, NULL, NULL, 70, b'0', 347, 50),
(1355, NULL, NULL, 70, b'0', 348, 50),
(1356, NULL, NULL, 70, b'0', 349, 50),
(1357, NULL, NULL, 70, b'0', 350, 50),
(1358, NULL, NULL, 70, b'0', 351, 50),
(1359, NULL, NULL, 70, b'0', 352, 50),
(1360, NULL, NULL, 70, b'0', 353, 50),
(1361, NULL, NULL, 30, b'0', 328, 51),
(1362, NULL, NULL, 30, b'0', 329, 51),
(1363, NULL, NULL, 30, b'0', 330, 51),
(1364, NULL, NULL, 30, b'0', 331, 51),
(1365, NULL, NULL, 30, b'0', 332, 51),
(1366, NULL, NULL, 30, b'0', 333, 51),
(1367, NULL, NULL, 30, b'0', 334, 51),
(1368, NULL, NULL, 30, b'0', 335, 51),
(1369, NULL, NULL, 30, b'0', 336, 51),
(1370, NULL, NULL, 30, b'0', 337, 51),
(1371, NULL, NULL, 30, b'0', 338, 51),
(1372, NULL, NULL, 30, b'0', 339, 51),
(1373, NULL, NULL, 30, b'0', 340, 51),
(1374, NULL, NULL, 30, b'0', 341, 51),
(1375, NULL, NULL, 30, b'0', 342, 51),
(1376, NULL, NULL, 30, b'0', 343, 51),
(1377, NULL, NULL, 30, b'0', 344, 51),
(1378, NULL, NULL, 30, b'0', 345, 51),
(1379, NULL, NULL, 30, b'0', 346, 51),
(1380, NULL, NULL, 30, b'0', 347, 51),
(1381, NULL, NULL, 30, b'0', 348, 51),
(1382, NULL, NULL, 30, b'0', 349, 51),
(1383, NULL, NULL, 30, b'0', 350, 51),
(1384, NULL, NULL, 30, b'0', 351, 51),
(1385, NULL, NULL, 30, b'0', 352, 51),
(1386, NULL, NULL, 30, b'0', 353, 51),
(1387, NULL, NULL, 90, b'0', 328, 52),
(1388, NULL, NULL, 90, b'0', 329, 52),
(1389, NULL, NULL, 90, b'0', 330, 52),
(1390, NULL, NULL, 90, b'0', 331, 52),
(1391, NULL, NULL, 90, b'0', 332, 52);
INSERT INTO `ticket` (`id`, `code_payement`, `nom_client`, `prix`, `reserve`, `place_id`, `projection_id`) VALUES
(1392, NULL, NULL, 90, b'0', 333, 52),
(1393, NULL, NULL, 90, b'0', 334, 52),
(1394, NULL, NULL, 90, b'0', 335, 52),
(1395, NULL, NULL, 90, b'0', 336, 52),
(1396, NULL, NULL, 90, b'0', 337, 52),
(1397, NULL, NULL, 90, b'0', 338, 52),
(1398, NULL, NULL, 90, b'0', 339, 52),
(1399, NULL, NULL, 90, b'0', 340, 52),
(1400, NULL, NULL, 90, b'0', 341, 52),
(1401, NULL, NULL, 90, b'0', 342, 52),
(1402, NULL, NULL, 90, b'0', 343, 52),
(1403, NULL, NULL, 90, b'0', 344, 52),
(1404, NULL, NULL, 90, b'0', 345, 52),
(1405, NULL, NULL, 90, b'0', 346, 52),
(1406, NULL, NULL, 90, b'0', 347, 52),
(1407, NULL, NULL, 90, b'0', 348, 52),
(1408, NULL, NULL, 90, b'0', 349, 52),
(1409, NULL, NULL, 90, b'0', 350, 52),
(1410, NULL, NULL, 90, b'0', 351, 52),
(1411, NULL, NULL, 90, b'0', 352, 52),
(1412, NULL, NULL, 90, b'0', 353, 52),
(1413, NULL, NULL, 70, b'0', 354, 53),
(1414, NULL, NULL, 70, b'0', 355, 53),
(1415, NULL, NULL, 70, b'0', 356, 53),
(1416, NULL, NULL, 70, b'0', 357, 53),
(1417, NULL, NULL, 70, b'0', 358, 53),
(1418, NULL, NULL, 70, b'0', 359, 53),
(1419, NULL, NULL, 70, b'0', 360, 53),
(1420, NULL, NULL, 70, b'0', 361, 53),
(1421, NULL, NULL, 70, b'0', 362, 53),
(1422, NULL, NULL, 70, b'0', 363, 53),
(1423, NULL, NULL, 70, b'0', 364, 53),
(1424, NULL, NULL, 70, b'0', 365, 53),
(1425, NULL, NULL, 70, b'0', 366, 53),
(1426, NULL, NULL, 70, b'0', 367, 53),
(1427, NULL, NULL, 70, b'0', 368, 53),
(1428, NULL, NULL, 70, b'0', 369, 53),
(1429, NULL, NULL, 70, b'0', 370, 53),
(1430, NULL, NULL, 70, b'0', 371, 53),
(1431, NULL, NULL, 70, b'0', 372, 53),
(1432, NULL, NULL, 70, b'0', 373, 53),
(1433, NULL, NULL, 70, b'0', 374, 53),
(1434, NULL, NULL, 70, b'0', 375, 53),
(1435, NULL, NULL, 70, b'0', 376, 53),
(1436, NULL, NULL, 70, b'0', 377, 53),
(1437, NULL, NULL, 70, b'0', 378, 53),
(1438, NULL, NULL, 70, b'0', 379, 53),
(1439, NULL, NULL, 70, b'0', 380, 53),
(1440, NULL, NULL, 30, b'0', 354, 54),
(1441, NULL, NULL, 30, b'0', 355, 54),
(1442, NULL, NULL, 30, b'0', 356, 54),
(1443, NULL, NULL, 30, b'0', 357, 54),
(1444, NULL, NULL, 30, b'0', 358, 54),
(1445, NULL, NULL, 30, b'0', 359, 54),
(1446, NULL, NULL, 30, b'0', 360, 54),
(1447, NULL, NULL, 30, b'0', 361, 54),
(1448, NULL, NULL, 30, b'0', 362, 54),
(1449, NULL, NULL, 30, b'0', 363, 54),
(1450, NULL, NULL, 30, b'0', 364, 54),
(1451, NULL, NULL, 30, b'0', 365, 54),
(1452, NULL, NULL, 30, b'0', 366, 54),
(1453, NULL, NULL, 30, b'0', 367, 54),
(1454, NULL, NULL, 30, b'0', 368, 54),
(1455, NULL, NULL, 30, b'0', 369, 54),
(1456, NULL, NULL, 30, b'0', 370, 54),
(1457, NULL, NULL, 30, b'0', 371, 54),
(1458, NULL, NULL, 30, b'0', 372, 54),
(1459, NULL, NULL, 30, b'0', 373, 54),
(1460, NULL, NULL, 30, b'0', 374, 54),
(1461, NULL, NULL, 30, b'0', 375, 54),
(1462, NULL, NULL, 30, b'0', 376, 54),
(1463, NULL, NULL, 30, b'0', 377, 54),
(1464, NULL, NULL, 30, b'0', 378, 54),
(1465, NULL, NULL, 30, b'0', 379, 54),
(1466, NULL, NULL, 30, b'0', 380, 54),
(1467, NULL, NULL, 90, b'0', 354, 55),
(1468, NULL, NULL, 90, b'0', 355, 55),
(1469, NULL, NULL, 90, b'0', 356, 55),
(1470, NULL, NULL, 90, b'0', 357, 55),
(1471, NULL, NULL, 90, b'0', 358, 55),
(1472, NULL, NULL, 90, b'0', 359, 55),
(1473, NULL, NULL, 90, b'0', 360, 55),
(1474, NULL, NULL, 90, b'0', 361, 55),
(1475, NULL, NULL, 90, b'0', 362, 55),
(1476, NULL, NULL, 90, b'0', 363, 55),
(1477, NULL, NULL, 90, b'0', 364, 55),
(1478, NULL, NULL, 90, b'0', 365, 55),
(1479, NULL, NULL, 90, b'0', 366, 55),
(1480, NULL, NULL, 90, b'0', 367, 55),
(1481, NULL, NULL, 90, b'0', 368, 55),
(1482, NULL, NULL, 90, b'0', 369, 55),
(1483, NULL, NULL, 90, b'0', 370, 55),
(1484, NULL, NULL, 90, b'0', 371, 55),
(1485, NULL, NULL, 90, b'0', 372, 55),
(1486, NULL, NULL, 90, b'0', 373, 55),
(1487, NULL, NULL, 90, b'0', 374, 55),
(1488, NULL, NULL, 90, b'0', 375, 55),
(1489, NULL, NULL, 90, b'0', 376, 55),
(1490, NULL, NULL, 90, b'0', 377, 55),
(1491, NULL, NULL, 90, b'0', 378, 55),
(1492, NULL, NULL, 90, b'0', 379, 55),
(1493, NULL, NULL, 90, b'0', 380, 55),
(1494, NULL, NULL, 90, b'0', 354, 56),
(1495, NULL, NULL, 90, b'0', 355, 56),
(1496, NULL, NULL, 90, b'0', 356, 56),
(1497, NULL, NULL, 90, b'0', 357, 56),
(1498, NULL, NULL, 90, b'0', 358, 56),
(1499, NULL, NULL, 90, b'0', 359, 56),
(1500, NULL, NULL, 90, b'0', 360, 56),
(1501, NULL, NULL, 90, b'0', 361, 56),
(1502, NULL, NULL, 90, b'0', 362, 56),
(1503, NULL, NULL, 90, b'0', 363, 56),
(1504, NULL, NULL, 90, b'0', 364, 56),
(1505, NULL, NULL, 90, b'0', 365, 56),
(1506, NULL, NULL, 90, b'0', 366, 56),
(1507, NULL, NULL, 90, b'0', 367, 56),
(1508, NULL, NULL, 90, b'0', 368, 56),
(1509, NULL, NULL, 90, b'0', 369, 56),
(1510, NULL, NULL, 90, b'0', 370, 56),
(1511, NULL, NULL, 90, b'0', 371, 56),
(1512, NULL, NULL, 90, b'0', 372, 56),
(1513, NULL, NULL, 90, b'0', 373, 56),
(1514, NULL, NULL, 90, b'0', 374, 56),
(1515, NULL, NULL, 90, b'0', 375, 56),
(1516, NULL, NULL, 90, b'0', 376, 56),
(1517, NULL, NULL, 90, b'0', 377, 56),
(1518, NULL, NULL, 90, b'0', 378, 56),
(1519, NULL, NULL, 90, b'0', 379, 56),
(1520, NULL, NULL, 90, b'0', 380, 56),
(1521, NULL, NULL, 90, b'0', 381, 57),
(1522, NULL, NULL, 90, b'0', 382, 57),
(1523, NULL, NULL, 90, b'0', 383, 57),
(1524, NULL, NULL, 90, b'0', 384, 57),
(1525, NULL, NULL, 90, b'0', 385, 57),
(1526, NULL, NULL, 90, b'0', 386, 57),
(1527, NULL, NULL, 90, b'0', 387, 57),
(1528, NULL, NULL, 90, b'0', 388, 57),
(1529, NULL, NULL, 90, b'0', 389, 57),
(1530, NULL, NULL, 90, b'0', 390, 57),
(1531, NULL, NULL, 90, b'0', 391, 57),
(1532, NULL, NULL, 90, b'0', 392, 57),
(1533, NULL, NULL, 90, b'0', 393, 57),
(1534, NULL, NULL, 90, b'0', 394, 57),
(1535, NULL, NULL, 90, b'0', 395, 57),
(1536, NULL, NULL, 90, b'0', 396, 57),
(1537, NULL, NULL, 90, b'0', 397, 57),
(1538, NULL, NULL, 90, b'0', 398, 57),
(1539, NULL, NULL, 90, b'0', 399, 57),
(1540, NULL, NULL, 90, b'0', 400, 57),
(1541, NULL, NULL, 90, b'0', 401, 57),
(1542, NULL, NULL, 90, b'0', 402, 57),
(1543, NULL, NULL, 90, b'0', 403, 57),
(1544, NULL, NULL, 90, b'0', 404, 57),
(1545, NULL, NULL, 90, b'0', 381, 58),
(1546, NULL, NULL, 90, b'0', 382, 58),
(1547, NULL, NULL, 90, b'0', 383, 58),
(1548, NULL, NULL, 90, b'0', 384, 58),
(1549, NULL, NULL, 90, b'0', 385, 58),
(1550, NULL, NULL, 90, b'0', 386, 58),
(1551, NULL, NULL, 90, b'0', 387, 58),
(1552, NULL, NULL, 90, b'0', 388, 58),
(1553, NULL, NULL, 90, b'0', 389, 58),
(1554, NULL, NULL, 90, b'0', 390, 58),
(1555, NULL, NULL, 90, b'0', 391, 58),
(1556, NULL, NULL, 90, b'0', 392, 58),
(1557, NULL, NULL, 90, b'0', 393, 58),
(1558, NULL, NULL, 90, b'0', 394, 58),
(1559, NULL, NULL, 90, b'0', 395, 58),
(1560, NULL, NULL, 90, b'0', 396, 58),
(1561, NULL, NULL, 90, b'0', 397, 58),
(1562, NULL, NULL, 90, b'0', 398, 58),
(1563, NULL, NULL, 90, b'0', 399, 58),
(1564, NULL, NULL, 90, b'0', 400, 58),
(1565, NULL, NULL, 90, b'0', 401, 58),
(1566, NULL, NULL, 90, b'0', 402, 58),
(1567, NULL, NULL, 90, b'0', 403, 58),
(1568, NULL, NULL, 90, b'0', 404, 58),
(1569, NULL, NULL, 90, b'0', 381, 59),
(1570, NULL, NULL, 90, b'0', 382, 59),
(1571, NULL, NULL, 90, b'0', 383, 59),
(1572, NULL, NULL, 90, b'0', 384, 59),
(1573, NULL, NULL, 90, b'0', 385, 59),
(1574, NULL, NULL, 90, b'0', 386, 59),
(1575, NULL, NULL, 90, b'0', 387, 59),
(1576, NULL, NULL, 90, b'0', 388, 59),
(1577, NULL, NULL, 90, b'0', 389, 59),
(1578, NULL, NULL, 90, b'0', 390, 59),
(1579, NULL, NULL, 90, b'0', 391, 59),
(1580, NULL, NULL, 90, b'0', 392, 59),
(1581, NULL, NULL, 90, b'0', 393, 59),
(1582, NULL, NULL, 90, b'0', 394, 59),
(1583, NULL, NULL, 90, b'0', 395, 59),
(1584, NULL, NULL, 90, b'0', 396, 59),
(1585, NULL, NULL, 90, b'0', 397, 59),
(1586, NULL, NULL, 90, b'0', 398, 59),
(1587, NULL, NULL, 90, b'0', 399, 59),
(1588, NULL, NULL, 90, b'0', 400, 59),
(1589, NULL, NULL, 90, b'0', 401, 59),
(1590, NULL, NULL, 90, b'0', 402, 59),
(1591, NULL, NULL, 90, b'0', 403, 59),
(1592, NULL, NULL, 90, b'0', 404, 59),
(1593, NULL, NULL, 100, b'0', 381, 60),
(1594, NULL, NULL, 100, b'0', 382, 60),
(1595, NULL, NULL, 100, b'0', 383, 60),
(1596, NULL, NULL, 100, b'0', 384, 60),
(1597, NULL, NULL, 100, b'0', 385, 60),
(1598, NULL, NULL, 100, b'0', 386, 60),
(1599, NULL, NULL, 100, b'0', 387, 60),
(1600, NULL, NULL, 100, b'0', 388, 60),
(1601, NULL, NULL, 100, b'0', 389, 60),
(1602, NULL, NULL, 100, b'0', 390, 60),
(1603, NULL, NULL, 100, b'0', 391, 60),
(1604, NULL, NULL, 100, b'0', 392, 60),
(1605, NULL, NULL, 100, b'0', 393, 60),
(1606, NULL, NULL, 100, b'0', 394, 60),
(1607, NULL, NULL, 100, b'0', 395, 60),
(1608, NULL, NULL, 100, b'0', 396, 60),
(1609, NULL, NULL, 100, b'0', 397, 60),
(1610, NULL, NULL, 100, b'0', 398, 60),
(1611, NULL, NULL, 100, b'0', 399, 60),
(1612, NULL, NULL, 100, b'0', 400, 60),
(1613, NULL, NULL, 100, b'0', 401, 60),
(1614, NULL, NULL, 100, b'0', 402, 60),
(1615, NULL, NULL, 100, b'0', 403, 60),
(1616, NULL, NULL, 100, b'0', 404, 60),
(1617, NULL, NULL, 30, b'0', 405, 61),
(1618, NULL, NULL, 30, b'0', 406, 61),
(1619, NULL, NULL, 30, b'0', 407, 61),
(1620, NULL, NULL, 30, b'0', 408, 61),
(1621, NULL, NULL, 30, b'0', 409, 61),
(1622, NULL, NULL, 30, b'0', 410, 61),
(1623, NULL, NULL, 30, b'0', 411, 61),
(1624, NULL, NULL, 30, b'0', 412, 61),
(1625, NULL, NULL, 30, b'0', 413, 61),
(1626, NULL, NULL, 30, b'0', 414, 61),
(1627, NULL, NULL, 30, b'0', 415, 61),
(1628, NULL, NULL, 30, b'0', 416, 61),
(1629, NULL, NULL, 30, b'0', 417, 61),
(1630, NULL, NULL, 30, b'0', 418, 61),
(1631, NULL, NULL, 30, b'0', 419, 61),
(1632, NULL, NULL, 30, b'0', 420, 61),
(1633, NULL, NULL, 30, b'0', 405, 62),
(1634, NULL, NULL, 30, b'0', 406, 62),
(1635, NULL, NULL, 30, b'0', 407, 62),
(1636, NULL, NULL, 30, b'0', 408, 62),
(1637, NULL, NULL, 30, b'0', 409, 62),
(1638, NULL, NULL, 30, b'0', 410, 62),
(1639, NULL, NULL, 30, b'0', 411, 62),
(1640, NULL, NULL, 30, b'0', 412, 62),
(1641, NULL, NULL, 30, b'0', 413, 62),
(1642, NULL, NULL, 30, b'0', 414, 62),
(1643, NULL, NULL, 30, b'0', 415, 62),
(1644, NULL, NULL, 30, b'0', 416, 62),
(1645, NULL, NULL, 30, b'0', 417, 62),
(1646, NULL, NULL, 30, b'0', 418, 62),
(1647, NULL, NULL, 30, b'0', 419, 62),
(1648, NULL, NULL, 30, b'0', 420, 62),
(1649, NULL, NULL, 70, b'0', 405, 63),
(1650, NULL, NULL, 70, b'0', 406, 63),
(1651, NULL, NULL, 70, b'0', 407, 63),
(1652, NULL, NULL, 70, b'0', 408, 63),
(1653, NULL, NULL, 70, b'0', 409, 63),
(1654, NULL, NULL, 70, b'0', 410, 63),
(1655, NULL, NULL, 70, b'0', 411, 63),
(1656, NULL, NULL, 70, b'0', 412, 63),
(1657, NULL, NULL, 70, b'0', 413, 63),
(1658, NULL, NULL, 70, b'0', 414, 63),
(1659, NULL, NULL, 70, b'0', 415, 63),
(1660, NULL, NULL, 70, b'0', 416, 63),
(1661, NULL, NULL, 70, b'0', 417, 63),
(1662, NULL, NULL, 70, b'0', 418, 63),
(1663, NULL, NULL, 70, b'0', 419, 63),
(1664, NULL, NULL, 70, b'0', 420, 63),
(1665, NULL, NULL, 70, b'0', 405, 64),
(1666, NULL, NULL, 70, b'0', 406, 64),
(1667, NULL, NULL, 70, b'0', 407, 64),
(1668, NULL, NULL, 70, b'0', 408, 64),
(1669, NULL, NULL, 70, b'0', 409, 64),
(1670, NULL, NULL, 70, b'0', 410, 64),
(1671, NULL, NULL, 70, b'0', 411, 64),
(1672, NULL, NULL, 70, b'0', 412, 64),
(1673, NULL, NULL, 70, b'0', 413, 64),
(1674, NULL, NULL, 70, b'0', 414, 64),
(1675, NULL, NULL, 70, b'0', 415, 64),
(1676, NULL, NULL, 70, b'0', 416, 64),
(1677, NULL, NULL, 70, b'0', 417, 64),
(1678, NULL, NULL, 70, b'0', 418, 64),
(1679, NULL, NULL, 70, b'0', 419, 64),
(1680, NULL, NULL, 70, b'0', 420, 64),
(1681, NULL, NULL, 100, b'0', 421, 65),
(1682, NULL, NULL, 100, b'0', 422, 65),
(1683, NULL, NULL, 100, b'0', 423, 65),
(1684, NULL, NULL, 100, b'0', 424, 65),
(1685, NULL, NULL, 100, b'0', 425, 65),
(1686, NULL, NULL, 100, b'0', 426, 65),
(1687, NULL, NULL, 100, b'0', 427, 65),
(1688, NULL, NULL, 100, b'0', 428, 65),
(1689, NULL, NULL, 100, b'0', 429, 65),
(1690, NULL, NULL, 100, b'0', 430, 65),
(1691, NULL, NULL, 100, b'0', 431, 65),
(1692, NULL, NULL, 100, b'0', 432, 65),
(1693, NULL, NULL, 100, b'0', 433, 65),
(1694, NULL, NULL, 100, b'0', 434, 65),
(1695, NULL, NULL, 100, b'0', 435, 65),
(1696, NULL, NULL, 100, b'0', 436, 65),
(1697, NULL, NULL, 100, b'0', 437, 65),
(1698, NULL, NULL, 100, b'0', 438, 65),
(1699, NULL, NULL, 100, b'0', 439, 65),
(1700, NULL, NULL, 100, b'0', 440, 65),
(1701, NULL, NULL, 100, b'0', 441, 65),
(1702, NULL, NULL, 100, b'0', 442, 65),
(1703, NULL, NULL, 100, b'0', 443, 65),
(1704, NULL, NULL, 100, b'0', 444, 65),
(1705, NULL, NULL, 50, b'0', 421, 66),
(1706, NULL, NULL, 50, b'0', 422, 66),
(1707, NULL, NULL, 50, b'0', 423, 66),
(1708, NULL, NULL, 50, b'0', 424, 66),
(1709, NULL, NULL, 50, b'0', 425, 66),
(1710, NULL, NULL, 50, b'0', 426, 66),
(1711, NULL, NULL, 50, b'0', 427, 66),
(1712, NULL, NULL, 50, b'0', 428, 66),
(1713, NULL, NULL, 50, b'0', 429, 66),
(1714, NULL, NULL, 50, b'0', 430, 66),
(1715, NULL, NULL, 50, b'0', 431, 66),
(1716, NULL, NULL, 50, b'0', 432, 66),
(1717, NULL, NULL, 50, b'0', 433, 66),
(1718, NULL, NULL, 50, b'0', 434, 66),
(1719, NULL, NULL, 50, b'0', 435, 66),
(1720, NULL, NULL, 50, b'0', 436, 66),
(1721, NULL, NULL, 50, b'0', 437, 66),
(1722, NULL, NULL, 50, b'0', 438, 66),
(1723, NULL, NULL, 50, b'0', 439, 66),
(1724, NULL, NULL, 50, b'0', 440, 66),
(1725, NULL, NULL, 50, b'0', 441, 66),
(1726, NULL, NULL, 50, b'0', 442, 66),
(1727, NULL, NULL, 50, b'0', 443, 66),
(1728, NULL, NULL, 50, b'0', 444, 66),
(1729, NULL, NULL, 90, b'0', 421, 67),
(1730, NULL, NULL, 90, b'0', 422, 67),
(1731, NULL, NULL, 90, b'0', 423, 67),
(1732, NULL, NULL, 90, b'0', 424, 67),
(1733, NULL, NULL, 90, b'0', 425, 67),
(1734, NULL, NULL, 90, b'0', 426, 67),
(1735, NULL, NULL, 90, b'0', 427, 67),
(1736, NULL, NULL, 90, b'0', 428, 67),
(1737, NULL, NULL, 90, b'0', 429, 67),
(1738, 1526, 'mary', 90, b'1', 430, 67),
(1739, 1526, 'mary', 90, b'1', 431, 67),
(1740, 1526, 'mary', 90, b'1', 432, 67),
(1741, NULL, NULL, 90, b'0', 433, 67),
(1742, NULL, NULL, 90, b'0', 434, 67),
(1743, NULL, NULL, 90, b'0', 435, 67),
(1744, NULL, NULL, 90, b'0', 436, 67),
(1745, NULL, NULL, 90, b'0', 437, 67),
(1746, NULL, NULL, 90, b'0', 438, 67),
(1747, NULL, NULL, 90, b'0', 439, 67),
(1748, NULL, NULL, 90, b'0', 440, 67),
(1749, NULL, NULL, 90, b'0', 441, 67),
(1750, NULL, NULL, 90, b'0', 442, 67),
(1751, NULL, NULL, 90, b'0', 443, 67),
(1752, NULL, NULL, 90, b'0', 444, 67),
(1753, NULL, NULL, 100, b'0', 421, 68),
(1754, NULL, NULL, 100, b'0', 422, 68),
(1755, NULL, NULL, 100, b'0', 423, 68),
(1756, NULL, NULL, 100, b'0', 424, 68),
(1757, NULL, NULL, 100, b'0', 425, 68),
(1758, NULL, NULL, 100, b'0', 426, 68),
(1759, NULL, NULL, 100, b'0', 427, 68),
(1760, NULL, NULL, 100, b'0', 428, 68),
(1761, NULL, NULL, 100, b'0', 429, 68),
(1762, NULL, NULL, 100, b'0', 430, 68),
(1763, NULL, NULL, 100, b'0', 431, 68),
(1764, NULL, NULL, 100, b'0', 432, 68),
(1765, NULL, NULL, 100, b'0', 433, 68),
(1766, NULL, NULL, 100, b'0', 434, 68),
(1767, NULL, NULL, 100, b'0', 435, 68),
(1768, NULL, NULL, 100, b'0', 436, 68),
(1769, NULL, NULL, 100, b'0', 437, 68),
(1770, NULL, NULL, 100, b'0', 438, 68),
(1771, NULL, NULL, 100, b'0', 439, 68),
(1772, NULL, NULL, 100, b'0', 440, 68),
(1773, NULL, NULL, 100, b'0', 441, 68),
(1774, NULL, NULL, 100, b'0', 442, 68),
(1775, NULL, NULL, 100, b'0', 443, 68),
(1776, NULL, NULL, 100, b'0', 444, 68),
(1777, NULL, NULL, 90, b'0', 445, 69),
(1778, NULL, NULL, 90, b'0', 446, 69),
(1779, NULL, NULL, 90, b'0', 447, 69),
(1780, NULL, NULL, 90, b'0', 448, 69),
(1781, NULL, NULL, 90, b'0', 449, 69),
(1782, NULL, NULL, 90, b'0', 450, 69),
(1783, NULL, NULL, 90, b'0', 451, 69),
(1784, NULL, NULL, 90, b'0', 452, 69),
(1785, NULL, NULL, 90, b'0', 453, 69),
(1786, NULL, NULL, 90, b'0', 454, 69),
(1787, NULL, NULL, 90, b'0', 455, 69),
(1788, NULL, NULL, 90, b'0', 456, 69),
(1789, NULL, NULL, 90, b'0', 457, 69),
(1790, NULL, NULL, 90, b'0', 458, 69),
(1791, NULL, NULL, 90, b'0', 459, 69),
(1792, NULL, NULL, 90, b'0', 460, 69),
(1793, NULL, NULL, 90, b'0', 461, 69),
(1794, NULL, NULL, 90, b'0', 462, 69),
(1795, NULL, NULL, 90, b'0', 463, 69),
(1796, NULL, NULL, 90, b'0', 464, 69),
(1797, NULL, NULL, 90, b'0', 465, 69),
(1798, NULL, NULL, 90, b'0', 466, 69),
(1799, NULL, NULL, 90, b'0', 467, 69),
(1800, NULL, NULL, 90, b'0', 468, 69),
(1801, NULL, NULL, 90, b'0', 469, 69),
(1802, NULL, NULL, 90, b'0', 470, 69),
(1803, NULL, NULL, 90, b'0', 471, 69),
(1804, NULL, NULL, 90, b'0', 472, 69),
(1805, NULL, NULL, 100, b'0', 445, 70),
(1806, NULL, NULL, 100, b'0', 446, 70),
(1807, NULL, NULL, 100, b'0', 447, 70),
(1808, NULL, NULL, 100, b'0', 448, 70),
(1809, NULL, NULL, 100, b'0', 449, 70),
(1810, NULL, NULL, 100, b'0', 450, 70),
(1811, NULL, NULL, 100, b'0', 451, 70),
(1812, NULL, NULL, 100, b'0', 452, 70),
(1813, NULL, NULL, 100, b'0', 453, 70),
(1814, NULL, NULL, 100, b'0', 454, 70),
(1815, NULL, NULL, 100, b'0', 455, 70),
(1816, NULL, NULL, 100, b'0', 456, 70),
(1817, NULL, NULL, 100, b'0', 457, 70),
(1818, NULL, NULL, 100, b'0', 458, 70),
(1819, NULL, NULL, 100, b'0', 459, 70),
(1820, NULL, NULL, 100, b'0', 460, 70),
(1821, NULL, NULL, 100, b'0', 461, 70),
(1822, NULL, NULL, 100, b'0', 462, 70),
(1823, NULL, NULL, 100, b'0', 463, 70),
(1824, NULL, NULL, 100, b'0', 464, 70),
(1825, NULL, NULL, 100, b'0', 465, 70),
(1826, NULL, NULL, 100, b'0', 466, 70),
(1827, NULL, NULL, 100, b'0', 467, 70),
(1828, NULL, NULL, 100, b'0', 468, 70),
(1829, NULL, NULL, 100, b'0', 469, 70),
(1830, NULL, NULL, 100, b'0', 470, 70),
(1831, NULL, NULL, 100, b'0', 471, 70),
(1832, NULL, NULL, 100, b'0', 472, 70),
(1833, NULL, NULL, 90, b'0', 445, 71),
(1834, NULL, NULL, 90, b'0', 446, 71),
(1835, NULL, NULL, 90, b'0', 447, 71),
(1836, NULL, NULL, 90, b'0', 448, 71),
(1837, NULL, NULL, 90, b'0', 449, 71),
(1838, NULL, NULL, 90, b'0', 450, 71),
(1839, NULL, NULL, 90, b'0', 451, 71),
(1840, NULL, NULL, 90, b'0', 452, 71),
(1841, NULL, NULL, 90, b'0', 453, 71),
(1842, NULL, NULL, 90, b'0', 454, 71),
(1843, NULL, NULL, 90, b'0', 455, 71),
(1844, NULL, NULL, 90, b'0', 456, 71),
(1845, NULL, NULL, 90, b'0', 457, 71),
(1846, NULL, NULL, 90, b'0', 458, 71),
(1847, NULL, NULL, 90, b'0', 459, 71),
(1848, NULL, NULL, 90, b'0', 460, 71),
(1849, NULL, NULL, 90, b'0', 461, 71),
(1850, NULL, NULL, 90, b'0', 462, 71),
(1851, NULL, NULL, 90, b'0', 463, 71),
(1852, NULL, NULL, 90, b'0', 464, 71),
(1853, NULL, NULL, 90, b'0', 465, 71),
(1854, NULL, NULL, 90, b'0', 466, 71),
(1855, NULL, NULL, 90, b'0', 467, 71),
(1856, NULL, NULL, 90, b'0', 468, 71),
(1857, NULL, NULL, 90, b'0', 469, 71),
(1858, NULL, NULL, 90, b'0', 470, 71),
(1859, NULL, NULL, 90, b'0', 471, 71),
(1860, NULL, NULL, 90, b'0', 472, 71),
(1861, NULL, NULL, 100, b'0', 445, 72),
(1862, NULL, NULL, 100, b'0', 446, 72),
(1863, NULL, NULL, 100, b'0', 447, 72),
(1864, NULL, NULL, 100, b'0', 448, 72),
(1865, NULL, NULL, 100, b'0', 449, 72),
(1866, NULL, NULL, 100, b'0', 450, 72),
(1867, NULL, NULL, 100, b'0', 451, 72),
(1868, NULL, NULL, 100, b'0', 452, 72),
(1869, NULL, NULL, 100, b'0', 453, 72),
(1870, NULL, NULL, 100, b'0', 454, 72),
(1871, NULL, NULL, 100, b'0', 455, 72),
(1872, NULL, NULL, 100, b'0', 456, 72),
(1873, NULL, NULL, 100, b'0', 457, 72),
(1874, NULL, NULL, 100, b'0', 458, 72),
(1875, NULL, NULL, 100, b'0', 459, 72),
(1876, NULL, NULL, 100, b'0', 460, 72),
(1877, NULL, NULL, 100, b'0', 461, 72),
(1878, NULL, NULL, 100, b'0', 462, 72),
(1879, NULL, NULL, 100, b'0', 463, 72),
(1880, NULL, NULL, 100, b'0', 464, 72),
(1881, NULL, NULL, 100, b'0', 465, 72),
(1882, NULL, NULL, 100, b'0', 466, 72),
(1883, NULL, NULL, 100, b'0', 467, 72),
(1884, NULL, NULL, 100, b'0', 468, 72),
(1885, NULL, NULL, 100, b'0', 469, 72),
(1886, NULL, NULL, 100, b'0', 470, 72),
(1887, NULL, NULL, 100, b'0', 471, 72),
(1888, NULL, NULL, 100, b'0', 472, 72),
(1889, NULL, NULL, 100, b'0', 473, 73),
(1890, NULL, NULL, 100, b'0', 474, 73),
(1891, NULL, NULL, 100, b'0', 475, 73),
(1892, NULL, NULL, 100, b'0', 476, 73),
(1893, NULL, NULL, 100, b'0', 477, 73),
(1894, NULL, NULL, 100, b'0', 478, 73),
(1895, NULL, NULL, 100, b'0', 479, 73),
(1896, NULL, NULL, 100, b'0', 480, 73),
(1897, NULL, NULL, 100, b'0', 481, 73),
(1898, NULL, NULL, 100, b'0', 482, 73),
(1899, NULL, NULL, 100, b'0', 483, 73),
(1900, NULL, NULL, 100, b'0', 484, 73),
(1901, NULL, NULL, 100, b'0', 485, 73),
(1902, NULL, NULL, 100, b'0', 486, 73),
(1903, NULL, NULL, 100, b'0', 487, 73),
(1904, NULL, NULL, 100, b'0', 488, 73),
(1905, NULL, NULL, 100, b'0', 489, 73),
(1906, NULL, NULL, 100, b'0', 490, 73),
(1907, NULL, NULL, 100, b'0', 491, 73),
(1908, NULL, NULL, 100, b'0', 492, 73),
(1909, NULL, NULL, 100, b'0', 493, 73),
(1910, NULL, NULL, 100, b'0', 494, 73),
(1911, NULL, NULL, 100, b'0', 495, 73),
(1912, NULL, NULL, 100, b'0', 496, 73),
(1913, NULL, NULL, 100, b'0', 497, 73),
(1914, NULL, NULL, 100, b'0', 498, 73),
(1915, NULL, NULL, 100, b'0', 499, 73),
(1916, NULL, NULL, 100, b'0', 500, 73),
(1917, NULL, NULL, 100, b'0', 501, 73),
(1918, NULL, NULL, 50, b'0', 473, 74),
(1919, NULL, NULL, 50, b'0', 474, 74),
(1920, NULL, NULL, 50, b'0', 475, 74),
(1921, NULL, NULL, 50, b'0', 476, 74),
(1922, NULL, NULL, 50, b'0', 477, 74),
(1923, NULL, NULL, 50, b'0', 478, 74),
(1924, NULL, NULL, 50, b'0', 479, 74),
(1925, NULL, NULL, 50, b'0', 480, 74),
(1926, NULL, NULL, 50, b'0', 481, 74),
(1927, NULL, NULL, 50, b'0', 482, 74),
(1928, NULL, NULL, 50, b'0', 483, 74),
(1929, NULL, NULL, 50, b'0', 484, 74),
(1930, NULL, NULL, 50, b'0', 485, 74),
(1931, NULL, NULL, 50, b'0', 486, 74),
(1932, NULL, NULL, 50, b'0', 487, 74),
(1933, NULL, NULL, 50, b'0', 488, 74),
(1934, NULL, NULL, 50, b'0', 489, 74),
(1935, NULL, NULL, 50, b'0', 490, 74),
(1936, NULL, NULL, 50, b'0', 491, 74),
(1937, NULL, NULL, 50, b'0', 492, 74),
(1938, NULL, NULL, 50, b'0', 493, 74),
(1939, NULL, NULL, 50, b'0', 494, 74),
(1940, NULL, NULL, 50, b'0', 495, 74),
(1941, NULL, NULL, 50, b'0', 496, 74),
(1942, NULL, NULL, 50, b'0', 497, 74),
(1943, NULL, NULL, 50, b'0', 498, 74),
(1944, NULL, NULL, 50, b'0', 499, 74),
(1945, NULL, NULL, 50, b'0', 500, 74),
(1946, NULL, NULL, 50, b'0', 501, 74),
(1947, NULL, NULL, 90, b'0', 473, 75),
(1948, NULL, NULL, 90, b'0', 474, 75),
(1949, NULL, NULL, 90, b'0', 475, 75),
(1950, NULL, NULL, 90, b'0', 476, 75),
(1951, NULL, NULL, 90, b'0', 477, 75),
(1952, NULL, NULL, 90, b'0', 478, 75),
(1953, NULL, NULL, 90, b'0', 479, 75),
(1954, NULL, NULL, 90, b'0', 480, 75),
(1955, NULL, NULL, 90, b'0', 481, 75),
(1956, NULL, NULL, 90, b'0', 482, 75),
(1957, NULL, NULL, 90, b'0', 483, 75),
(1958, NULL, NULL, 90, b'0', 484, 75),
(1959, NULL, NULL, 90, b'0', 485, 75),
(1960, NULL, NULL, 90, b'0', 486, 75),
(1961, NULL, NULL, 90, b'0', 487, 75),
(1962, NULL, NULL, 90, b'0', 488, 75),
(1963, NULL, NULL, 90, b'0', 489, 75),
(1964, NULL, NULL, 90, b'0', 490, 75),
(1965, NULL, NULL, 90, b'0', 491, 75),
(1966, NULL, NULL, 90, b'0', 492, 75),
(1967, NULL, NULL, 90, b'0', 493, 75),
(1968, NULL, NULL, 90, b'0', 494, 75),
(1969, NULL, NULL, 90, b'0', 495, 75),
(1970, NULL, NULL, 90, b'0', 496, 75),
(1971, NULL, NULL, 90, b'0', 497, 75),
(1972, NULL, NULL, 90, b'0', 498, 75),
(1973, NULL, NULL, 90, b'0', 499, 75),
(1974, NULL, NULL, 90, b'0', 500, 75),
(1975, NULL, NULL, 90, b'0', 501, 75),
(1976, NULL, NULL, 100, b'0', 473, 76),
(1977, NULL, NULL, 100, b'0', 474, 76),
(1978, NULL, NULL, 100, b'0', 475, 76),
(1979, NULL, NULL, 100, b'0', 476, 76),
(1980, NULL, NULL, 100, b'0', 477, 76),
(1981, NULL, NULL, 100, b'0', 478, 76),
(1982, NULL, NULL, 100, b'0', 479, 76),
(1983, NULL, NULL, 100, b'0', 480, 76),
(1984, NULL, NULL, 100, b'0', 481, 76),
(1985, NULL, NULL, 100, b'0', 482, 76),
(1986, NULL, NULL, 100, b'0', 483, 76),
(1987, NULL, NULL, 100, b'0', 484, 76),
(1988, NULL, NULL, 100, b'0', 485, 76),
(1989, NULL, NULL, 100, b'0', 486, 76),
(1990, NULL, NULL, 100, b'0', 487, 76),
(1991, NULL, NULL, 100, b'0', 488, 76),
(1992, NULL, NULL, 100, b'0', 489, 76),
(1993, NULL, NULL, 100, b'0', 490, 76),
(1994, NULL, NULL, 100, b'0', 491, 76),
(1995, NULL, NULL, 100, b'0', 492, 76),
(1996, NULL, NULL, 100, b'0', 493, 76),
(1997, NULL, NULL, 100, b'0', 494, 76),
(1998, NULL, NULL, 100, b'0', 495, 76),
(1999, NULL, NULL, 100, b'0', 496, 76),
(2000, NULL, NULL, 100, b'0', 497, 76),
(2001, NULL, NULL, 100, b'0', 498, 76),
(2002, NULL, NULL, 100, b'0', 499, 76),
(2003, NULL, NULL, 100, b'0', 500, 76),
(2004, NULL, NULL, 100, b'0', 501, 76),
(2005, NULL, NULL, 30, b'0', 502, 77),
(2006, NULL, NULL, 30, b'0', 503, 77),
(2007, NULL, NULL, 30, b'0', 504, 77),
(2008, NULL, NULL, 30, b'0', 505, 77),
(2009, NULL, NULL, 30, b'0', 506, 77),
(2010, NULL, NULL, 30, b'0', 507, 77),
(2011, NULL, NULL, 30, b'0', 508, 77),
(2012, NULL, NULL, 30, b'0', 509, 77),
(2013, NULL, NULL, 30, b'0', 510, 77),
(2014, NULL, NULL, 30, b'0', 511, 77),
(2015, NULL, NULL, 30, b'0', 512, 77),
(2016, NULL, NULL, 30, b'0', 513, 77),
(2017, NULL, NULL, 30, b'0', 514, 77),
(2018, NULL, NULL, 30, b'0', 515, 77),
(2019, NULL, NULL, 30, b'0', 516, 77),
(2020, NULL, NULL, 30, b'0', 517, 77),
(2021, NULL, NULL, 30, b'0', 518, 77),
(2022, NULL, NULL, 30, b'0', 519, 77),
(2023, NULL, NULL, 30, b'0', 520, 77),
(2024, NULL, NULL, 30, b'0', 521, 77),
(2025, NULL, NULL, 30, b'0', 522, 77),
(2026, NULL, NULL, 30, b'0', 523, 77),
(2027, NULL, NULL, 30, b'0', 524, 77),
(2028, NULL, NULL, 30, b'0', 525, 77),
(2029, NULL, NULL, 30, b'0', 526, 77),
(2030, NULL, NULL, 30, b'0', 527, 77),
(2031, NULL, NULL, 30, b'0', 528, 77),
(2032, NULL, NULL, 30, b'0', 529, 77),
(2033, NULL, NULL, 30, b'0', 530, 77),
(2034, NULL, NULL, 30, b'0', 531, 77),
(2035, NULL, NULL, 30, b'0', 532, 77),
(2036, NULL, NULL, 50, b'0', 502, 78),
(2037, NULL, NULL, 50, b'0', 503, 78),
(2038, NULL, NULL, 50, b'0', 504, 78),
(2039, NULL, NULL, 50, b'0', 505, 78),
(2040, NULL, NULL, 50, b'0', 506, 78),
(2041, NULL, NULL, 50, b'0', 507, 78),
(2042, NULL, NULL, 50, b'0', 508, 78),
(2043, NULL, NULL, 50, b'0', 509, 78),
(2044, NULL, NULL, 50, b'0', 510, 78),
(2045, NULL, NULL, 50, b'0', 511, 78),
(2046, NULL, NULL, 50, b'0', 512, 78),
(2047, NULL, NULL, 50, b'0', 513, 78),
(2048, NULL, NULL, 50, b'0', 514, 78),
(2049, NULL, NULL, 50, b'0', 515, 78),
(2050, NULL, NULL, 50, b'0', 516, 78),
(2051, NULL, NULL, 50, b'0', 517, 78),
(2052, NULL, NULL, 50, b'0', 518, 78),
(2053, NULL, NULL, 50, b'0', 519, 78),
(2054, NULL, NULL, 50, b'0', 520, 78),
(2055, NULL, NULL, 50, b'0', 521, 78),
(2056, NULL, NULL, 50, b'0', 522, 78),
(2057, NULL, NULL, 50, b'0', 523, 78),
(2058, NULL, NULL, 50, b'0', 524, 78),
(2059, NULL, NULL, 50, b'0', 525, 78),
(2060, NULL, NULL, 50, b'0', 526, 78),
(2061, NULL, NULL, 50, b'0', 527, 78),
(2062, NULL, NULL, 50, b'0', 528, 78),
(2063, NULL, NULL, 50, b'0', 529, 78),
(2064, NULL, NULL, 50, b'0', 530, 78),
(2065, NULL, NULL, 50, b'0', 531, 78),
(2066, NULL, NULL, 50, b'0', 532, 78),
(2067, NULL, NULL, 70, b'0', 502, 79),
(2068, NULL, NULL, 70, b'0', 503, 79),
(2069, NULL, NULL, 70, b'0', 504, 79),
(2070, NULL, NULL, 70, b'0', 505, 79),
(2071, NULL, NULL, 70, b'0', 506, 79),
(2072, NULL, NULL, 70, b'0', 507, 79),
(2073, NULL, NULL, 70, b'0', 508, 79),
(2074, NULL, NULL, 70, b'0', 509, 79),
(2075, NULL, NULL, 70, b'0', 510, 79),
(2076, NULL, NULL, 70, b'0', 511, 79),
(2077, NULL, NULL, 70, b'0', 512, 79),
(2078, NULL, NULL, 70, b'0', 513, 79),
(2079, NULL, NULL, 70, b'0', 514, 79),
(2080, NULL, NULL, 70, b'0', 515, 79),
(2081, NULL, NULL, 70, b'0', 516, 79),
(2082, NULL, NULL, 70, b'0', 517, 79),
(2083, NULL, NULL, 70, b'0', 518, 79),
(2084, NULL, NULL, 70, b'0', 519, 79),
(2085, NULL, NULL, 70, b'0', 520, 79),
(2086, NULL, NULL, 70, b'0', 521, 79),
(2087, NULL, NULL, 70, b'0', 522, 79),
(2088, NULL, NULL, 70, b'0', 523, 79),
(2089, NULL, NULL, 70, b'0', 524, 79),
(2090, NULL, NULL, 70, b'0', 525, 79),
(2091, NULL, NULL, 70, b'0', 526, 79),
(2092, NULL, NULL, 70, b'0', 527, 79),
(2093, NULL, NULL, 70, b'0', 528, 79),
(2094, NULL, NULL, 70, b'0', 529, 79),
(2095, NULL, NULL, 70, b'0', 530, 79),
(2096, NULL, NULL, 70, b'0', 531, 79),
(2097, NULL, NULL, 70, b'0', 532, 79),
(2098, NULL, NULL, 100, b'0', 502, 80),
(2099, NULL, NULL, 100, b'0', 503, 80),
(2100, NULL, NULL, 100, b'0', 504, 80),
(2101, NULL, NULL, 100, b'0', 505, 80),
(2102, NULL, NULL, 100, b'0', 506, 80),
(2103, NULL, NULL, 100, b'0', 507, 80),
(2104, NULL, NULL, 100, b'0', 508, 80),
(2105, NULL, NULL, 100, b'0', 509, 80),
(2106, NULL, NULL, 100, b'0', 510, 80),
(2107, NULL, NULL, 100, b'0', 511, 80),
(2108, NULL, NULL, 100, b'0', 512, 80),
(2109, NULL, NULL, 100, b'0', 513, 80),
(2110, NULL, NULL, 100, b'0', 514, 80),
(2111, NULL, NULL, 100, b'0', 515, 80),
(2112, NULL, NULL, 100, b'0', 516, 80),
(2113, NULL, NULL, 100, b'0', 517, 80),
(2114, NULL, NULL, 100, b'0', 518, 80),
(2115, NULL, NULL, 100, b'0', 519, 80),
(2116, NULL, NULL, 100, b'0', 520, 80),
(2117, NULL, NULL, 100, b'0', 521, 80),
(2118, NULL, NULL, 100, b'0', 522, 80),
(2119, NULL, NULL, 100, b'0', 523, 80),
(2120, NULL, NULL, 100, b'0', 524, 80),
(2121, NULL, NULL, 100, b'0', 525, 80),
(2122, NULL, NULL, 100, b'0', 526, 80),
(2123, NULL, NULL, 100, b'0', 527, 80),
(2124, NULL, NULL, 100, b'0', 528, 80),
(2125, NULL, NULL, 100, b'0', 529, 80),
(2126, NULL, NULL, 100, b'0', 530, 80),
(2127, NULL, NULL, 100, b'0', 531, 80),
(2128, NULL, NULL, 100, b'0', 532, 80),
(2129, NULL, NULL, 100, b'0', 533, 81),
(2130, NULL, NULL, 100, b'0', 534, 81),
(2131, NULL, NULL, 100, b'0', 535, 81),
(2132, NULL, NULL, 100, b'0', 536, 81),
(2133, NULL, NULL, 100, b'0', 537, 81),
(2134, NULL, NULL, 100, b'0', 538, 81),
(2135, NULL, NULL, 100, b'0', 539, 81),
(2136, NULL, NULL, 100, b'0', 540, 81),
(2137, NULL, NULL, 100, b'0', 541, 81),
(2138, NULL, NULL, 100, b'0', 542, 81),
(2139, NULL, NULL, 100, b'0', 543, 81),
(2140, NULL, NULL, 100, b'0', 544, 81),
(2141, NULL, NULL, 100, b'0', 545, 81),
(2142, NULL, NULL, 100, b'0', 546, 81),
(2143, NULL, NULL, 100, b'0', 547, 81),
(2144, NULL, NULL, 100, b'0', 548, 81),
(2145, NULL, NULL, 100, b'0', 549, 81),
(2146, NULL, NULL, 70, b'0', 533, 82),
(2147, NULL, NULL, 70, b'0', 534, 82),
(2148, NULL, NULL, 70, b'0', 535, 82),
(2149, NULL, NULL, 70, b'0', 536, 82),
(2150, NULL, NULL, 70, b'0', 537, 82),
(2151, NULL, NULL, 70, b'0', 538, 82),
(2152, NULL, NULL, 70, b'0', 539, 82),
(2153, NULL, NULL, 70, b'0', 540, 82),
(2154, NULL, NULL, 70, b'0', 541, 82),
(2155, NULL, NULL, 70, b'0', 542, 82),
(2156, NULL, NULL, 70, b'0', 543, 82),
(2157, NULL, NULL, 70, b'0', 544, 82),
(2158, NULL, NULL, 70, b'0', 545, 82),
(2159, NULL, NULL, 70, b'0', 546, 82),
(2160, NULL, NULL, 70, b'0', 547, 82),
(2161, NULL, NULL, 70, b'0', 548, 82),
(2162, NULL, NULL, 70, b'0', 549, 82),
(2163, NULL, NULL, 30, b'0', 533, 83),
(2164, NULL, NULL, 30, b'0', 534, 83),
(2165, NULL, NULL, 30, b'0', 535, 83),
(2166, NULL, NULL, 30, b'0', 536, 83),
(2167, NULL, NULL, 30, b'0', 537, 83),
(2168, NULL, NULL, 30, b'0', 538, 83),
(2169, NULL, NULL, 30, b'0', 539, 83),
(2170, NULL, NULL, 30, b'0', 540, 83),
(2171, NULL, NULL, 30, b'0', 541, 83),
(2172, NULL, NULL, 30, b'0', 542, 83),
(2173, NULL, NULL, 30, b'0', 543, 83),
(2174, NULL, NULL, 30, b'0', 544, 83),
(2175, NULL, NULL, 30, b'0', 545, 83),
(2176, NULL, NULL, 30, b'0', 546, 83),
(2177, NULL, NULL, 30, b'0', 547, 83),
(2178, NULL, NULL, 30, b'0', 548, 83),
(2179, NULL, NULL, 30, b'0', 549, 83),
(2180, NULL, NULL, 50, b'0', 533, 84),
(2181, NULL, NULL, 50, b'0', 534, 84),
(2182, NULL, NULL, 50, b'0', 535, 84),
(2183, NULL, NULL, 50, b'0', 536, 84),
(2184, NULL, NULL, 50, b'0', 537, 84),
(2185, NULL, NULL, 50, b'0', 538, 84),
(2186, NULL, NULL, 50, b'0', 539, 84),
(2187, NULL, NULL, 50, b'0', 540, 84),
(2188, NULL, NULL, 50, b'0', 541, 84),
(2189, NULL, NULL, 50, b'0', 542, 84),
(2190, NULL, NULL, 50, b'0', 543, 84),
(2191, NULL, NULL, 50, b'0', 544, 84),
(2192, NULL, NULL, 50, b'0', 545, 84),
(2193, NULL, NULL, 50, b'0', 546, 84),
(2194, NULL, NULL, 50, b'0', 547, 84),
(2195, NULL, NULL, 50, b'0', 548, 84),
(2196, NULL, NULL, 50, b'0', 549, 84),
(2197, NULL, NULL, 100, b'0', 550, 85),
(2198, NULL, NULL, 100, b'0', 551, 85),
(2199, NULL, NULL, 100, b'0', 552, 85),
(2200, NULL, NULL, 100, b'0', 553, 85),
(2201, NULL, NULL, 100, b'0', 554, 85),
(2202, NULL, NULL, 100, b'0', 555, 85),
(2203, NULL, NULL, 100, b'0', 556, 85),
(2204, NULL, NULL, 100, b'0', 557, 85),
(2205, NULL, NULL, 100, b'0', 558, 85),
(2206, NULL, NULL, 100, b'0', 559, 85),
(2207, NULL, NULL, 100, b'0', 560, 85),
(2208, NULL, NULL, 100, b'0', 561, 85),
(2209, NULL, NULL, 100, b'0', 562, 85),
(2210, NULL, NULL, 100, b'0', 563, 85),
(2211, NULL, NULL, 100, b'0', 564, 85),
(2212, NULL, NULL, 100, b'0', 565, 85),
(2213, NULL, NULL, 100, b'0', 566, 85),
(2214, NULL, NULL, 100, b'0', 567, 85),
(2215, NULL, NULL, 100, b'0', 568, 85),
(2216, NULL, NULL, 100, b'0', 569, 85),
(2217, NULL, NULL, 100, b'0', 570, 85),
(2218, NULL, NULL, 100, b'0', 571, 85),
(2219, NULL, NULL, 100, b'0', 572, 85),
(2220, NULL, NULL, 100, b'0', 573, 85),
(2221, NULL, NULL, 100, b'0', 574, 85),
(2222, NULL, NULL, 100, b'0', 575, 85),
(2223, NULL, NULL, 100, b'0', 576, 85),
(2224, NULL, NULL, 100, b'0', 577, 85),
(2225, NULL, NULL, 100, b'0', 578, 85),
(2226, NULL, NULL, 100, b'0', 579, 85),
(2227, NULL, NULL, 100, b'0', 580, 85),
(2228, NULL, NULL, 100, b'0', 581, 85),
(2229, NULL, NULL, 100, b'0', 582, 85),
(2230, NULL, NULL, 100, b'0', 583, 85),
(2231, NULL, NULL, 70, b'0', 550, 86),
(2232, NULL, NULL, 70, b'0', 551, 86),
(2233, NULL, NULL, 70, b'0', 552, 86),
(2234, NULL, NULL, 70, b'0', 553, 86),
(2235, NULL, NULL, 70, b'0', 554, 86),
(2236, NULL, NULL, 70, b'0', 555, 86),
(2237, NULL, NULL, 70, b'0', 556, 86),
(2238, NULL, NULL, 70, b'0', 557, 86),
(2239, NULL, NULL, 70, b'0', 558, 86),
(2240, NULL, NULL, 70, b'0', 559, 86),
(2241, NULL, NULL, 70, b'0', 560, 86),
(2242, NULL, NULL, 70, b'0', 561, 86),
(2243, NULL, NULL, 70, b'0', 562, 86),
(2244, NULL, NULL, 70, b'0', 563, 86),
(2245, NULL, NULL, 70, b'0', 564, 86),
(2246, NULL, NULL, 70, b'0', 565, 86),
(2247, NULL, NULL, 70, b'0', 566, 86),
(2248, NULL, NULL, 70, b'0', 567, 86),
(2249, NULL, NULL, 70, b'0', 568, 86),
(2250, NULL, NULL, 70, b'0', 569, 86),
(2251, NULL, NULL, 70, b'0', 570, 86),
(2252, NULL, NULL, 70, b'0', 571, 86),
(2253, NULL, NULL, 70, b'0', 572, 86),
(2254, NULL, NULL, 70, b'0', 573, 86),
(2255, NULL, NULL, 70, b'0', 574, 86),
(2256, NULL, NULL, 70, b'0', 575, 86),
(2257, NULL, NULL, 70, b'0', 576, 86),
(2258, NULL, NULL, 70, b'0', 577, 86),
(2259, NULL, NULL, 70, b'0', 578, 86),
(2260, NULL, NULL, 70, b'0', 579, 86),
(2261, NULL, NULL, 70, b'0', 580, 86),
(2262, NULL, NULL, 70, b'0', 581, 86),
(2263, NULL, NULL, 70, b'0', 582, 86),
(2264, NULL, NULL, 70, b'0', 583, 86),
(2265, NULL, NULL, 100, b'0', 550, 87),
(2266, NULL, NULL, 100, b'0', 551, 87),
(2267, NULL, NULL, 100, b'0', 552, 87),
(2268, NULL, NULL, 100, b'0', 553, 87),
(2269, NULL, NULL, 100, b'0', 554, 87),
(2270, NULL, NULL, 100, b'0', 555, 87),
(2271, NULL, NULL, 100, b'0', 556, 87),
(2272, NULL, NULL, 100, b'0', 557, 87),
(2273, NULL, NULL, 100, b'0', 558, 87),
(2274, NULL, NULL, 100, b'0', 559, 87),
(2275, NULL, NULL, 100, b'0', 560, 87),
(2276, NULL, NULL, 100, b'0', 561, 87),
(2277, NULL, NULL, 100, b'0', 562, 87),
(2278, NULL, NULL, 100, b'0', 563, 87),
(2279, NULL, NULL, 100, b'0', 564, 87),
(2280, NULL, NULL, 100, b'0', 565, 87),
(2281, NULL, NULL, 100, b'0', 566, 87),
(2282, NULL, NULL, 100, b'0', 567, 87),
(2283, NULL, NULL, 100, b'0', 568, 87),
(2284, NULL, NULL, 100, b'0', 569, 87),
(2285, NULL, NULL, 100, b'0', 570, 87),
(2286, NULL, NULL, 100, b'0', 571, 87),
(2287, NULL, NULL, 100, b'0', 572, 87),
(2288, NULL, NULL, 100, b'0', 573, 87),
(2289, NULL, NULL, 100, b'0', 574, 87),
(2290, NULL, NULL, 100, b'0', 575, 87),
(2291, NULL, NULL, 100, b'0', 576, 87),
(2292, NULL, NULL, 100, b'0', 577, 87),
(2293, NULL, NULL, 100, b'0', 578, 87),
(2294, NULL, NULL, 100, b'0', 579, 87),
(2295, NULL, NULL, 100, b'0', 580, 87),
(2296, NULL, NULL, 100, b'0', 581, 87),
(2297, NULL, NULL, 100, b'0', 582, 87),
(2298, NULL, NULL, 100, b'0', 583, 87),
(2299, NULL, NULL, 90, b'0', 550, 88),
(2300, NULL, NULL, 90, b'0', 551, 88),
(2301, NULL, NULL, 90, b'0', 552, 88),
(2302, NULL, NULL, 90, b'0', 553, 88),
(2303, NULL, NULL, 90, b'0', 554, 88),
(2304, NULL, NULL, 90, b'0', 555, 88),
(2305, NULL, NULL, 90, b'0', 556, 88),
(2306, NULL, NULL, 90, b'0', 557, 88),
(2307, NULL, NULL, 90, b'0', 558, 88),
(2308, NULL, NULL, 90, b'0', 559, 88),
(2309, NULL, NULL, 90, b'0', 560, 88),
(2310, NULL, NULL, 90, b'0', 561, 88),
(2311, NULL, NULL, 90, b'0', 562, 88),
(2312, NULL, NULL, 90, b'0', 563, 88),
(2313, NULL, NULL, 90, b'0', 564, 88),
(2314, NULL, NULL, 90, b'0', 565, 88),
(2315, NULL, NULL, 90, b'0', 566, 88),
(2316, NULL, NULL, 90, b'0', 567, 88),
(2317, NULL, NULL, 90, b'0', 568, 88),
(2318, NULL, NULL, 90, b'0', 569, 88),
(2319, NULL, NULL, 90, b'0', 570, 88),
(2320, NULL, NULL, 90, b'0', 571, 88),
(2321, NULL, NULL, 90, b'0', 572, 88),
(2322, NULL, NULL, 90, b'0', 573, 88),
(2323, NULL, NULL, 90, b'0', 574, 88),
(2324, NULL, NULL, 90, b'0', 575, 88),
(2325, NULL, NULL, 90, b'0', 576, 88),
(2326, NULL, NULL, 90, b'0', 577, 88),
(2327, NULL, NULL, 90, b'0', 578, 88),
(2328, NULL, NULL, 90, b'0', 579, 88),
(2329, NULL, NULL, 90, b'0', 580, 88),
(2330, NULL, NULL, 90, b'0', 581, 88),
(2331, NULL, NULL, 90, b'0', 582, 88),
(2332, NULL, NULL, 90, b'0', 583, 88),
(2333, NULL, NULL, 70, b'0', 584, 89),
(2334, NULL, NULL, 70, b'0', 585, 89),
(2335, NULL, NULL, 70, b'0', 586, 89),
(2336, NULL, NULL, 70, b'0', 587, 89),
(2337, NULL, NULL, 70, b'0', 588, 89),
(2338, NULL, NULL, 70, b'0', 589, 89),
(2339, NULL, NULL, 70, b'0', 590, 89),
(2340, NULL, NULL, 70, b'0', 591, 89),
(2341, NULL, NULL, 70, b'0', 592, 89),
(2342, NULL, NULL, 70, b'0', 593, 89),
(2343, NULL, NULL, 70, b'0', 594, 89),
(2344, NULL, NULL, 70, b'0', 595, 89),
(2345, NULL, NULL, 70, b'0', 596, 89),
(2346, NULL, NULL, 70, b'0', 597, 89),
(2347, NULL, NULL, 70, b'0', 598, 89),
(2348, NULL, NULL, 70, b'0', 599, 89),
(2349, NULL, NULL, 70, b'0', 600, 89),
(2350, NULL, NULL, 100, b'0', 584, 90),
(2351, NULL, NULL, 100, b'0', 585, 90),
(2352, NULL, NULL, 100, b'0', 586, 90),
(2353, NULL, NULL, 100, b'0', 587, 90),
(2354, NULL, NULL, 100, b'0', 588, 90),
(2355, NULL, NULL, 100, b'0', 589, 90),
(2356, NULL, NULL, 100, b'0', 590, 90),
(2357, NULL, NULL, 100, b'0', 591, 90),
(2358, NULL, NULL, 100, b'0', 592, 90),
(2359, NULL, NULL, 100, b'0', 593, 90),
(2360, NULL, NULL, 100, b'0', 594, 90),
(2361, NULL, NULL, 100, b'0', 595, 90),
(2362, NULL, NULL, 100, b'0', 596, 90),
(2363, NULL, NULL, 100, b'0', 597, 90),
(2364, NULL, NULL, 100, b'0', 598, 90),
(2365, NULL, NULL, 100, b'0', 599, 90),
(2366, NULL, NULL, 100, b'0', 600, 90),
(2367, NULL, NULL, 30, b'0', 584, 91),
(2368, NULL, NULL, 30, b'0', 585, 91),
(2369, NULL, NULL, 30, b'0', 586, 91),
(2370, NULL, NULL, 30, b'0', 587, 91),
(2371, NULL, NULL, 30, b'0', 588, 91),
(2372, NULL, NULL, 30, b'0', 589, 91),
(2373, NULL, NULL, 30, b'0', 590, 91),
(2374, NULL, NULL, 30, b'0', 591, 91),
(2375, NULL, NULL, 30, b'0', 592, 91),
(2376, NULL, NULL, 30, b'0', 593, 91),
(2377, NULL, NULL, 30, b'0', 594, 91),
(2378, NULL, NULL, 30, b'0', 595, 91),
(2379, NULL, NULL, 30, b'0', 596, 91),
(2380, NULL, NULL, 30, b'0', 597, 91),
(2381, NULL, NULL, 30, b'0', 598, 91),
(2382, NULL, NULL, 30, b'0', 599, 91),
(2383, NULL, NULL, 30, b'0', 600, 91),
(2384, NULL, NULL, 90, b'0', 584, 92),
(2385, NULL, NULL, 90, b'0', 585, 92),
(2386, NULL, NULL, 90, b'0', 586, 92),
(2387, NULL, NULL, 90, b'0', 587, 92),
(2388, NULL, NULL, 90, b'0', 588, 92),
(2389, NULL, NULL, 90, b'0', 589, 92),
(2390, NULL, NULL, 90, b'0', 590, 92),
(2391, NULL, NULL, 90, b'0', 591, 92),
(2392, NULL, NULL, 90, b'0', 592, 92),
(2393, NULL, NULL, 90, b'0', 593, 92),
(2394, NULL, NULL, 90, b'0', 594, 92),
(2395, NULL, NULL, 90, b'0', 595, 92),
(2396, NULL, NULL, 90, b'0', 596, 92),
(2397, NULL, NULL, 90, b'0', 597, 92),
(2398, NULL, NULL, 90, b'0', 598, 92),
(2399, NULL, NULL, 90, b'0', 599, 92),
(2400, NULL, NULL, 90, b'0', 600, 92),
(2401, NULL, NULL, 70, b'0', 601, 93),
(2402, NULL, NULL, 70, b'0', 602, 93),
(2403, NULL, NULL, 70, b'0', 603, 93),
(2404, NULL, NULL, 70, b'0', 604, 93),
(2405, NULL, NULL, 70, b'0', 605, 93),
(2406, NULL, NULL, 70, b'0', 606, 93),
(2407, NULL, NULL, 70, b'0', 607, 93),
(2408, NULL, NULL, 70, b'0', 608, 93),
(2409, NULL, NULL, 70, b'0', 609, 93),
(2410, NULL, NULL, 70, b'0', 610, 93),
(2411, NULL, NULL, 70, b'0', 611, 93),
(2412, NULL, NULL, 70, b'0', 612, 93),
(2413, NULL, NULL, 70, b'0', 613, 93),
(2414, NULL, NULL, 70, b'0', 614, 93),
(2415, NULL, NULL, 70, b'0', 615, 93),
(2416, NULL, NULL, 70, b'0', 616, 93),
(2417, NULL, NULL, 70, b'0', 617, 93),
(2418, NULL, NULL, 70, b'0', 618, 93),
(2419, NULL, NULL, 70, b'0', 619, 93),
(2420, NULL, NULL, 70, b'0', 620, 93),
(2421, NULL, NULL, 30, b'0', 601, 94),
(2422, NULL, NULL, 30, b'0', 602, 94),
(2423, NULL, NULL, 30, b'0', 603, 94),
(2424, NULL, NULL, 30, b'0', 604, 94),
(2425, NULL, NULL, 30, b'0', 605, 94),
(2426, NULL, NULL, 30, b'0', 606, 94),
(2427, 1425, 'mary', 30, b'1', 607, 94),
(2428, 1425, 'mary', 30, b'1', 608, 94),
(2429, 1425, 'mary', 30, b'1', 609, 94),
(2430, NULL, NULL, 30, b'0', 610, 94),
(2431, NULL, NULL, 30, b'0', 611, 94),
(2432, NULL, NULL, 30, b'0', 612, 94),
(2433, NULL, NULL, 30, b'0', 613, 94),
(2434, NULL, NULL, 30, b'0', 614, 94),
(2435, NULL, NULL, 30, b'0', 615, 94),
(2436, NULL, NULL, 30, b'0', 616, 94),
(2437, NULL, NULL, 30, b'0', 617, 94),
(2438, NULL, NULL, 30, b'0', 618, 94),
(2439, NULL, NULL, 30, b'0', 619, 94),
(2440, NULL, NULL, 30, b'0', 620, 94),
(2441, NULL, NULL, 70, b'0', 601, 95),
(2442, NULL, NULL, 70, b'0', 602, 95),
(2443, NULL, NULL, 70, b'0', 603, 95),
(2444, NULL, NULL, 70, b'0', 604, 95),
(2445, NULL, NULL, 70, b'0', 605, 95),
(2446, NULL, NULL, 70, b'0', 606, 95),
(2447, NULL, NULL, 70, b'0', 607, 95),
(2448, NULL, NULL, 70, b'0', 608, 95),
(2449, NULL, NULL, 70, b'0', 609, 95),
(2450, NULL, NULL, 70, b'0', 610, 95),
(2451, NULL, NULL, 70, b'0', 611, 95),
(2452, NULL, NULL, 70, b'0', 612, 95),
(2453, NULL, NULL, 70, b'0', 613, 95),
(2454, NULL, NULL, 70, b'0', 614, 95),
(2455, NULL, NULL, 70, b'0', 615, 95),
(2456, NULL, NULL, 70, b'0', 616, 95),
(2457, NULL, NULL, 70, b'0', 617, 95),
(2458, NULL, NULL, 70, b'0', 618, 95),
(2459, NULL, NULL, 70, b'0', 619, 95),
(2460, NULL, NULL, 70, b'0', 620, 95),
(2461, NULL, NULL, 90, b'0', 601, 96),
(2462, NULL, NULL, 90, b'0', 602, 96),
(2463, NULL, NULL, 90, b'0', 603, 96),
(2464, NULL, NULL, 90, b'0', 604, 96),
(2465, NULL, NULL, 90, b'0', 605, 96),
(2466, NULL, NULL, 90, b'0', 606, 96),
(2467, NULL, NULL, 90, b'0', 607, 96),
(2468, NULL, NULL, 90, b'0', 608, 96),
(2469, NULL, NULL, 90, b'0', 609, 96),
(2470, NULL, NULL, 90, b'0', 610, 96),
(2471, NULL, NULL, 90, b'0', 611, 96),
(2472, NULL, NULL, 90, b'0', 612, 96),
(2473, NULL, NULL, 90, b'0', 613, 96),
(2474, NULL, NULL, 90, b'0', 614, 96),
(2475, NULL, NULL, 90, b'0', 615, 96),
(2476, NULL, NULL, 90, b'0', 616, 96),
(2477, NULL, NULL, 90, b'0', 617, 96),
(2478, NULL, NULL, 90, b'0', 618, 96),
(2479, NULL, NULL, 90, b'0', 619, 96),
(2480, NULL, NULL, 90, b'0', 620, 96),
(2481, NULL, NULL, 90, b'0', 621, 97),
(2482, NULL, NULL, 90, b'0', 622, 97),
(2483, NULL, NULL, 90, b'0', 623, 97),
(2484, NULL, NULL, 90, b'0', 624, 97),
(2485, NULL, NULL, 90, b'0', 625, 97),
(2486, NULL, NULL, 90, b'0', 626, 97),
(2487, NULL, NULL, 90, b'0', 627, 97),
(2488, NULL, NULL, 90, b'0', 628, 97),
(2489, NULL, NULL, 90, b'0', 629, 97),
(2490, NULL, NULL, 90, b'0', 630, 97),
(2491, NULL, NULL, 90, b'0', 631, 97),
(2492, NULL, NULL, 90, b'0', 632, 97),
(2493, NULL, NULL, 90, b'0', 633, 97),
(2494, NULL, NULL, 90, b'0', 634, 97),
(2495, NULL, NULL, 90, b'0', 635, 97),
(2496, NULL, NULL, 90, b'0', 636, 97),
(2497, NULL, NULL, 90, b'0', 637, 97),
(2498, NULL, NULL, 90, b'0', 638, 97),
(2499, NULL, NULL, 90, b'0', 639, 97),
(2500, NULL, NULL, 90, b'0', 640, 97),
(2501, NULL, NULL, 90, b'0', 641, 97),
(2502, NULL, NULL, 90, b'0', 642, 97),
(2503, NULL, NULL, 90, b'0', 643, 97),
(2504, NULL, NULL, 90, b'0', 644, 97),
(2505, NULL, NULL, 90, b'0', 645, 97),
(2506, NULL, NULL, 90, b'0', 646, 97),
(2507, NULL, NULL, 90, b'0', 647, 97),
(2508, NULL, NULL, 90, b'0', 648, 97),
(2509, NULL, NULL, 90, b'0', 649, 97),
(2510, NULL, NULL, 90, b'0', 650, 97),
(2511, NULL, NULL, 90, b'0', 651, 97),
(2512, NULL, NULL, 90, b'0', 652, 97),
(2513, NULL, NULL, 90, b'0', 621, 98),
(2514, NULL, NULL, 90, b'0', 622, 98),
(2515, NULL, NULL, 90, b'0', 623, 98),
(2516, NULL, NULL, 90, b'0', 624, 98),
(2517, NULL, NULL, 90, b'0', 625, 98),
(2518, NULL, NULL, 90, b'0', 626, 98),
(2519, NULL, NULL, 90, b'0', 627, 98),
(2520, NULL, NULL, 90, b'0', 628, 98),
(2521, NULL, NULL, 90, b'0', 629, 98),
(2522, NULL, NULL, 90, b'0', 630, 98),
(2523, NULL, NULL, 90, b'0', 631, 98),
(2524, NULL, NULL, 90, b'0', 632, 98),
(2525, NULL, NULL, 90, b'0', 633, 98),
(2526, NULL, NULL, 90, b'0', 634, 98),
(2527, NULL, NULL, 90, b'0', 635, 98),
(2528, NULL, NULL, 90, b'0', 636, 98),
(2529, NULL, NULL, 90, b'0', 637, 98),
(2530, NULL, NULL, 90, b'0', 638, 98),
(2531, NULL, NULL, 90, b'0', 639, 98),
(2532, NULL, NULL, 90, b'0', 640, 98),
(2533, NULL, NULL, 90, b'0', 641, 98),
(2534, NULL, NULL, 90, b'0', 642, 98),
(2535, NULL, NULL, 90, b'0', 643, 98),
(2536, NULL, NULL, 90, b'0', 644, 98),
(2537, NULL, NULL, 90, b'0', 645, 98),
(2538, NULL, NULL, 90, b'0', 646, 98),
(2539, NULL, NULL, 90, b'0', 647, 98),
(2540, NULL, NULL, 90, b'0', 648, 98),
(2541, NULL, NULL, 90, b'0', 649, 98),
(2542, NULL, NULL, 90, b'0', 650, 98),
(2543, NULL, NULL, 90, b'0', 651, 98),
(2544, NULL, NULL, 90, b'0', 652, 98),
(2545, NULL, NULL, 30, b'0', 621, 99),
(2546, NULL, NULL, 30, b'0', 622, 99),
(2547, NULL, NULL, 30, b'0', 623, 99),
(2548, NULL, NULL, 30, b'0', 624, 99),
(2549, NULL, NULL, 30, b'0', 625, 99),
(2550, NULL, NULL, 30, b'0', 626, 99),
(2551, NULL, NULL, 30, b'0', 627, 99),
(2552, NULL, NULL, 30, b'0', 628, 99),
(2553, NULL, NULL, 30, b'0', 629, 99),
(2554, NULL, NULL, 30, b'0', 630, 99),
(2555, NULL, NULL, 30, b'0', 631, 99),
(2556, NULL, NULL, 30, b'0', 632, 99),
(2557, NULL, NULL, 30, b'0', 633, 99),
(2558, NULL, NULL, 30, b'0', 634, 99),
(2559, NULL, NULL, 30, b'0', 635, 99),
(2560, NULL, NULL, 30, b'0', 636, 99),
(2561, NULL, NULL, 30, b'0', 637, 99),
(2562, NULL, NULL, 30, b'0', 638, 99),
(2563, NULL, NULL, 30, b'0', 639, 99),
(2564, NULL, NULL, 30, b'0', 640, 99),
(2565, NULL, NULL, 30, b'0', 641, 99),
(2566, NULL, NULL, 30, b'0', 642, 99),
(2567, NULL, NULL, 30, b'0', 643, 99),
(2568, NULL, NULL, 30, b'0', 644, 99),
(2569, NULL, NULL, 30, b'0', 645, 99),
(2570, NULL, NULL, 30, b'0', 646, 99),
(2571, NULL, NULL, 30, b'0', 647, 99),
(2572, NULL, NULL, 30, b'0', 648, 99),
(2573, NULL, NULL, 30, b'0', 649, 99),
(2574, NULL, NULL, 30, b'0', 650, 99),
(2575, NULL, NULL, 30, b'0', 651, 99),
(2576, NULL, NULL, 30, b'0', 652, 99),
(2577, NULL, NULL, 70, b'0', 621, 100),
(2578, NULL, NULL, 70, b'0', 622, 100),
(2579, NULL, NULL, 70, b'0', 623, 100),
(2580, NULL, NULL, 70, b'0', 624, 100),
(2581, NULL, NULL, 70, b'0', 625, 100),
(2582, NULL, NULL, 70, b'0', 626, 100),
(2583, NULL, NULL, 70, b'0', 627, 100),
(2584, NULL, NULL, 70, b'0', 628, 100),
(2585, NULL, NULL, 70, b'0', 629, 100),
(2586, NULL, NULL, 70, b'0', 630, 100),
(2587, NULL, NULL, 70, b'0', 631, 100),
(2588, NULL, NULL, 70, b'0', 632, 100),
(2589, NULL, NULL, 70, b'0', 633, 100),
(2590, NULL, NULL, 70, b'0', 634, 100),
(2591, NULL, NULL, 70, b'0', 635, 100),
(2592, NULL, NULL, 70, b'0', 636, 100),
(2593, NULL, NULL, 70, b'0', 637, 100),
(2594, NULL, NULL, 70, b'0', 638, 100),
(2595, NULL, NULL, 70, b'0', 639, 100),
(2596, NULL, NULL, 70, b'0', 640, 100),
(2597, NULL, NULL, 70, b'0', 641, 100),
(2598, NULL, NULL, 70, b'0', 642, 100),
(2599, NULL, NULL, 70, b'0', 643, 100),
(2600, NULL, NULL, 70, b'0', 644, 100),
(2601, NULL, NULL, 70, b'0', 645, 100),
(2602, NULL, NULL, 70, b'0', 646, 100),
(2603, NULL, NULL, 70, b'0', 647, 100),
(2604, NULL, NULL, 70, b'0', 648, 100),
(2605, NULL, NULL, 70, b'0', 649, 100),
(2606, NULL, NULL, 70, b'0', 650, 100),
(2607, NULL, NULL, 70, b'0', 651, 100),
(2608, NULL, NULL, 70, b'0', 652, 100),
(2609, NULL, NULL, 90, b'0', 653, 101),
(2610, NULL, NULL, 90, b'0', 654, 101),
(2611, NULL, NULL, 90, b'0', 655, 101),
(2612, NULL, NULL, 90, b'0', 656, 101),
(2613, NULL, NULL, 90, b'0', 657, 101),
(2614, NULL, NULL, 90, b'0', 658, 101),
(2615, NULL, NULL, 90, b'0', 659, 101),
(2616, NULL, NULL, 90, b'0', 660, 101),
(2617, NULL, NULL, 90, b'0', 661, 101),
(2618, NULL, NULL, 90, b'0', 662, 101),
(2619, NULL, NULL, 90, b'0', 663, 101),
(2620, NULL, NULL, 90, b'0', 664, 101),
(2621, NULL, NULL, 90, b'0', 665, 101),
(2622, NULL, NULL, 90, b'0', 666, 101),
(2623, NULL, NULL, 90, b'0', 667, 101),
(2624, NULL, NULL, 90, b'0', 668, 101),
(2625, NULL, NULL, 90, b'0', 669, 101),
(2626, NULL, NULL, 90, b'0', 670, 101),
(2627, NULL, NULL, 90, b'0', 671, 101),
(2628, NULL, NULL, 90, b'0', 672, 101),
(2629, NULL, NULL, 90, b'0', 673, 101),
(2630, NULL, NULL, 90, b'0', 674, 101),
(2631, NULL, NULL, 90, b'0', 675, 101),
(2632, NULL, NULL, 90, b'0', 676, 101),
(2633, NULL, NULL, 90, b'0', 677, 101),
(2634, NULL, NULL, 90, b'0', 678, 101),
(2635, NULL, NULL, 90, b'0', 679, 101),
(2636, NULL, NULL, 90, b'0', 680, 101),
(2637, NULL, NULL, 90, b'0', 681, 101),
(2638, NULL, NULL, 90, b'0', 682, 101),
(2639, NULL, NULL, 100, b'0', 653, 102),
(2640, NULL, NULL, 100, b'0', 654, 102),
(2641, NULL, NULL, 100, b'0', 655, 102),
(2642, NULL, NULL, 100, b'0', 656, 102),
(2643, NULL, NULL, 100, b'0', 657, 102),
(2644, NULL, NULL, 100, b'0', 658, 102),
(2645, NULL, NULL, 100, b'0', 659, 102),
(2646, NULL, NULL, 100, b'0', 660, 102),
(2647, NULL, NULL, 100, b'0', 661, 102),
(2648, NULL, NULL, 100, b'0', 662, 102),
(2649, NULL, NULL, 100, b'0', 663, 102),
(2650, NULL, NULL, 100, b'0', 664, 102),
(2651, NULL, NULL, 100, b'0', 665, 102),
(2652, NULL, NULL, 100, b'0', 666, 102),
(2653, NULL, NULL, 100, b'0', 667, 102),
(2654, NULL, NULL, 100, b'0', 668, 102),
(2655, NULL, NULL, 100, b'0', 669, 102),
(2656, NULL, NULL, 100, b'0', 670, 102),
(2657, NULL, NULL, 100, b'0', 671, 102),
(2658, NULL, NULL, 100, b'0', 672, 102),
(2659, NULL, NULL, 100, b'0', 673, 102),
(2660, NULL, NULL, 100, b'0', 674, 102),
(2661, NULL, NULL, 100, b'0', 675, 102),
(2662, NULL, NULL, 100, b'0', 676, 102),
(2663, NULL, NULL, 100, b'0', 677, 102),
(2664, NULL, NULL, 100, b'0', 678, 102),
(2665, NULL, NULL, 100, b'0', 679, 102),
(2666, NULL, NULL, 100, b'0', 680, 102),
(2667, NULL, NULL, 100, b'0', 681, 102),
(2668, NULL, NULL, 100, b'0', 682, 102),
(2669, NULL, NULL, 100, b'0', 653, 103),
(2670, NULL, NULL, 100, b'0', 654, 103),
(2671, NULL, NULL, 100, b'0', 655, 103),
(2672, NULL, NULL, 100, b'0', 656, 103),
(2673, NULL, NULL, 100, b'0', 657, 103),
(2674, NULL, NULL, 100, b'0', 658, 103),
(2675, NULL, NULL, 100, b'0', 659, 103),
(2676, NULL, NULL, 100, b'0', 660, 103),
(2677, NULL, NULL, 100, b'0', 661, 103),
(2678, NULL, NULL, 100, b'0', 662, 103),
(2679, NULL, NULL, 100, b'0', 663, 103),
(2680, NULL, NULL, 100, b'0', 664, 103),
(2681, NULL, NULL, 100, b'0', 665, 103),
(2682, NULL, NULL, 100, b'0', 666, 103),
(2683, NULL, NULL, 100, b'0', 667, 103),
(2684, NULL, NULL, 100, b'0', 668, 103),
(2685, NULL, NULL, 100, b'0', 669, 103),
(2686, NULL, NULL, 100, b'0', 670, 103),
(2687, NULL, NULL, 100, b'0', 671, 103),
(2688, NULL, NULL, 100, b'0', 672, 103),
(2689, NULL, NULL, 100, b'0', 673, 103),
(2690, NULL, NULL, 100, b'0', 674, 103),
(2691, NULL, NULL, 100, b'0', 675, 103),
(2692, NULL, NULL, 100, b'0', 676, 103),
(2693, NULL, NULL, 100, b'0', 677, 103),
(2694, NULL, NULL, 100, b'0', 678, 103),
(2695, NULL, NULL, 100, b'0', 679, 103),
(2696, NULL, NULL, 100, b'0', 680, 103),
(2697, NULL, NULL, 100, b'0', 681, 103),
(2698, NULL, NULL, 100, b'0', 682, 103),
(2699, NULL, NULL, 50, b'0', 653, 104),
(2700, NULL, NULL, 50, b'0', 654, 104),
(2701, NULL, NULL, 50, b'0', 655, 104),
(2702, NULL, NULL, 50, b'0', 656, 104),
(2703, NULL, NULL, 50, b'0', 657, 104),
(2704, NULL, NULL, 50, b'0', 658, 104),
(2705, NULL, NULL, 50, b'0', 659, 104),
(2706, NULL, NULL, 50, b'0', 660, 104),
(2707, NULL, NULL, 50, b'0', 661, 104),
(2708, NULL, NULL, 50, b'0', 662, 104),
(2709, NULL, NULL, 50, b'0', 663, 104),
(2710, NULL, NULL, 50, b'0', 664, 104),
(2711, NULL, NULL, 50, b'0', 665, 104),
(2712, NULL, NULL, 50, b'0', 666, 104),
(2713, NULL, NULL, 50, b'0', 667, 104),
(2714, NULL, NULL, 50, b'0', 668, 104),
(2715, NULL, NULL, 50, b'0', 669, 104),
(2716, NULL, NULL, 50, b'0', 670, 104),
(2717, NULL, NULL, 50, b'0', 671, 104),
(2718, NULL, NULL, 50, b'0', 672, 104),
(2719, NULL, NULL, 50, b'0', 673, 104),
(2720, NULL, NULL, 50, b'0', 674, 104),
(2721, NULL, NULL, 50, b'0', 675, 104),
(2722, NULL, NULL, 50, b'0', 676, 104),
(2723, NULL, NULL, 50, b'0', 677, 104),
(2724, NULL, NULL, 50, b'0', 678, 104);
INSERT INTO `ticket` (`id`, `code_payement`, `nom_client`, `prix`, `reserve`, `place_id`, `projection_id`) VALUES
(2725, NULL, NULL, 50, b'0', 679, 104),
(2726, NULL, NULL, 50, b'0', 680, 104),
(2727, NULL, NULL, 50, b'0', 681, 104),
(2728, NULL, NULL, 50, b'0', 682, 104),
(2729, NULL, NULL, 70, b'0', 683, 105),
(2730, NULL, NULL, 70, b'0', 684, 105),
(2731, NULL, NULL, 70, b'0', 685, 105),
(2732, NULL, NULL, 70, b'0', 686, 105),
(2733, NULL, NULL, 70, b'0', 687, 105),
(2734, NULL, NULL, 70, b'0', 688, 105),
(2735, NULL, NULL, 70, b'0', 689, 105),
(2736, NULL, NULL, 70, b'0', 690, 105),
(2737, NULL, NULL, 70, b'0', 691, 105),
(2738, NULL, NULL, 70, b'0', 692, 105),
(2739, NULL, NULL, 70, b'0', 693, 105),
(2740, NULL, NULL, 70, b'0', 694, 105),
(2741, NULL, NULL, 70, b'0', 695, 105),
(2742, NULL, NULL, 70, b'0', 696, 105),
(2743, NULL, NULL, 70, b'0', 697, 105),
(2744, NULL, NULL, 70, b'0', 698, 105),
(2745, NULL, NULL, 70, b'0', 699, 105),
(2746, NULL, NULL, 70, b'0', 700, 105),
(2747, NULL, NULL, 70, b'0', 701, 105),
(2748, NULL, NULL, 100, b'0', 683, 106),
(2749, NULL, NULL, 100, b'0', 684, 106),
(2750, NULL, NULL, 100, b'0', 685, 106),
(2751, NULL, NULL, 100, b'0', 686, 106),
(2752, NULL, NULL, 100, b'0', 687, 106),
(2753, NULL, NULL, 100, b'0', 688, 106),
(2754, NULL, NULL, 100, b'0', 689, 106),
(2755, NULL, NULL, 100, b'0', 690, 106),
(2756, NULL, NULL, 100, b'0', 691, 106),
(2757, NULL, NULL, 100, b'0', 692, 106),
(2758, NULL, NULL, 100, b'0', 693, 106),
(2759, NULL, NULL, 100, b'0', 694, 106),
(2760, NULL, NULL, 100, b'0', 695, 106),
(2761, NULL, NULL, 100, b'0', 696, 106),
(2762, NULL, NULL, 100, b'0', 697, 106),
(2763, NULL, NULL, 100, b'0', 698, 106),
(2764, NULL, NULL, 100, b'0', 699, 106),
(2765, NULL, NULL, 100, b'0', 700, 106),
(2766, NULL, NULL, 100, b'0', 701, 106),
(2767, NULL, NULL, 90, b'0', 683, 107),
(2768, NULL, NULL, 90, b'0', 684, 107),
(2769, NULL, NULL, 90, b'0', 685, 107),
(2770, NULL, NULL, 90, b'0', 686, 107),
(2771, NULL, NULL, 90, b'0', 687, 107),
(2772, NULL, NULL, 90, b'0', 688, 107),
(2773, NULL, NULL, 90, b'0', 689, 107),
(2774, NULL, NULL, 90, b'0', 690, 107),
(2775, NULL, NULL, 90, b'0', 691, 107),
(2776, NULL, NULL, 90, b'0', 692, 107),
(2777, NULL, NULL, 90, b'0', 693, 107),
(2778, NULL, NULL, 90, b'0', 694, 107),
(2779, NULL, NULL, 90, b'0', 695, 107),
(2780, NULL, NULL, 90, b'0', 696, 107),
(2781, NULL, NULL, 90, b'0', 697, 107),
(2782, NULL, NULL, 90, b'0', 698, 107),
(2783, NULL, NULL, 90, b'0', 699, 107),
(2784, NULL, NULL, 90, b'0', 700, 107),
(2785, NULL, NULL, 90, b'0', 701, 107),
(2786, NULL, NULL, 100, b'0', 683, 108),
(2787, NULL, NULL, 100, b'0', 684, 108),
(2788, NULL, NULL, 100, b'0', 685, 108),
(2789, NULL, NULL, 100, b'0', 686, 108),
(2790, NULL, NULL, 100, b'0', 687, 108),
(2791, NULL, NULL, 100, b'0', 688, 108),
(2792, NULL, NULL, 100, b'0', 689, 108),
(2793, NULL, NULL, 100, b'0', 690, 108),
(2794, NULL, NULL, 100, b'0', 691, 108),
(2795, NULL, NULL, 100, b'0', 692, 108),
(2796, NULL, NULL, 100, b'0', 693, 108),
(2797, NULL, NULL, 100, b'0', 694, 108),
(2798, NULL, NULL, 100, b'0', 695, 108),
(2799, NULL, NULL, 100, b'0', 696, 108),
(2800, NULL, NULL, 100, b'0', 697, 108),
(2801, NULL, NULL, 100, b'0', 698, 108),
(2802, NULL, NULL, 100, b'0', 699, 108),
(2803, NULL, NULL, 100, b'0', 700, 108),
(2804, NULL, NULL, 100, b'0', 701, 108),
(2805, NULL, NULL, 70, b'0', 702, 109),
(2806, NULL, NULL, 70, b'0', 703, 109),
(2807, NULL, NULL, 70, b'0', 704, 109),
(2808, NULL, NULL, 70, b'0', 705, 109),
(2809, NULL, NULL, 70, b'0', 706, 109),
(2810, NULL, NULL, 70, b'0', 707, 109),
(2811, NULL, NULL, 70, b'0', 708, 109),
(2812, NULL, NULL, 70, b'0', 709, 109),
(2813, NULL, NULL, 70, b'0', 710, 109),
(2814, NULL, NULL, 70, b'0', 711, 109),
(2815, NULL, NULL, 70, b'0', 712, 109),
(2816, NULL, NULL, 70, b'0', 713, 109),
(2817, NULL, NULL, 70, b'0', 714, 109),
(2818, NULL, NULL, 70, b'0', 715, 109),
(2819, NULL, NULL, 70, b'0', 716, 109),
(2820, NULL, NULL, 70, b'0', 717, 109),
(2821, NULL, NULL, 70, b'0', 718, 109),
(2822, NULL, NULL, 70, b'0', 719, 109),
(2823, NULL, NULL, 70, b'0', 720, 109),
(2824, NULL, NULL, 70, b'0', 721, 109),
(2825, NULL, NULL, 70, b'0', 722, 109),
(2826, NULL, NULL, 70, b'0', 723, 109),
(2827, NULL, NULL, 70, b'0', 724, 109),
(2828, NULL, NULL, 70, b'0', 725, 109),
(2829, NULL, NULL, 70, b'0', 726, 109),
(2830, NULL, NULL, 70, b'0', 727, 109),
(2831, NULL, NULL, 70, b'0', 728, 109),
(2832, NULL, NULL, 70, b'0', 729, 109),
(2833, NULL, NULL, 70, b'0', 730, 109),
(2834, NULL, NULL, 70, b'0', 731, 109),
(2835, NULL, NULL, 70, b'0', 732, 109),
(2836, NULL, NULL, 90, b'0', 702, 110),
(2837, NULL, NULL, 90, b'0', 703, 110),
(2838, NULL, NULL, 90, b'0', 704, 110),
(2839, NULL, NULL, 90, b'0', 705, 110),
(2840, NULL, NULL, 90, b'0', 706, 110),
(2841, NULL, NULL, 90, b'0', 707, 110),
(2842, NULL, NULL, 90, b'0', 708, 110),
(2843, NULL, NULL, 90, b'0', 709, 110),
(2844, NULL, NULL, 90, b'0', 710, 110),
(2845, NULL, NULL, 90, b'0', 711, 110),
(2846, NULL, NULL, 90, b'0', 712, 110),
(2847, NULL, NULL, 90, b'0', 713, 110),
(2848, NULL, NULL, 90, b'0', 714, 110),
(2849, NULL, NULL, 90, b'0', 715, 110),
(2850, NULL, NULL, 90, b'0', 716, 110),
(2851, NULL, NULL, 90, b'0', 717, 110),
(2852, NULL, NULL, 90, b'0', 718, 110),
(2853, NULL, NULL, 90, b'0', 719, 110),
(2854, NULL, NULL, 90, b'0', 720, 110),
(2855, NULL, NULL, 90, b'0', 721, 110),
(2856, NULL, NULL, 90, b'0', 722, 110),
(2857, NULL, NULL, 90, b'0', 723, 110),
(2858, NULL, NULL, 90, b'0', 724, 110),
(2859, NULL, NULL, 90, b'0', 725, 110),
(2860, NULL, NULL, 90, b'0', 726, 110),
(2861, NULL, NULL, 90, b'0', 727, 110),
(2862, NULL, NULL, 90, b'0', 728, 110),
(2863, NULL, NULL, 90, b'0', 729, 110),
(2864, NULL, NULL, 90, b'0', 730, 110),
(2865, NULL, NULL, 90, b'0', 731, 110),
(2866, NULL, NULL, 90, b'0', 732, 110),
(2867, NULL, NULL, 90, b'0', 702, 111),
(2868, NULL, NULL, 90, b'0', 703, 111),
(2869, NULL, NULL, 90, b'0', 704, 111),
(2870, NULL, NULL, 90, b'0', 705, 111),
(2871, NULL, NULL, 90, b'0', 706, 111),
(2872, NULL, NULL, 90, b'0', 707, 111),
(2873, NULL, NULL, 90, b'0', 708, 111),
(2874, NULL, NULL, 90, b'0', 709, 111),
(2875, NULL, NULL, 90, b'0', 710, 111),
(2876, NULL, NULL, 90, b'0', 711, 111),
(2877, NULL, NULL, 90, b'0', 712, 111),
(2878, NULL, NULL, 90, b'0', 713, 111),
(2879, NULL, NULL, 90, b'0', 714, 111),
(2880, NULL, NULL, 90, b'0', 715, 111),
(2881, NULL, NULL, 90, b'0', 716, 111),
(2882, NULL, NULL, 90, b'0', 717, 111),
(2883, NULL, NULL, 90, b'0', 718, 111),
(2884, NULL, NULL, 90, b'0', 719, 111),
(2885, NULL, NULL, 90, b'0', 720, 111),
(2886, NULL, NULL, 90, b'0', 721, 111),
(2887, NULL, NULL, 90, b'0', 722, 111),
(2888, NULL, NULL, 90, b'0', 723, 111),
(2889, NULL, NULL, 90, b'0', 724, 111),
(2890, NULL, NULL, 90, b'0', 725, 111),
(2891, NULL, NULL, 90, b'0', 726, 111),
(2892, NULL, NULL, 90, b'0', 727, 111),
(2893, NULL, NULL, 90, b'0', 728, 111),
(2894, NULL, NULL, 90, b'0', 729, 111),
(2895, NULL, NULL, 90, b'0', 730, 111),
(2896, NULL, NULL, 90, b'0', 731, 111),
(2897, NULL, NULL, 90, b'0', 732, 111),
(2898, NULL, NULL, 70, b'0', 702, 112),
(2899, NULL, NULL, 70, b'0', 703, 112),
(2900, NULL, NULL, 70, b'0', 704, 112),
(2901, NULL, NULL, 70, b'0', 705, 112),
(2902, NULL, NULL, 70, b'0', 706, 112),
(2903, NULL, NULL, 70, b'0', 707, 112),
(2904, NULL, NULL, 70, b'0', 708, 112),
(2905, NULL, NULL, 70, b'0', 709, 112),
(2906, NULL, NULL, 70, b'0', 710, 112),
(2907, NULL, NULL, 70, b'0', 711, 112),
(2908, NULL, NULL, 70, b'0', 712, 112),
(2909, NULL, NULL, 70, b'0', 713, 112),
(2910, NULL, NULL, 70, b'0', 714, 112),
(2911, NULL, NULL, 70, b'0', 715, 112),
(2912, NULL, NULL, 70, b'0', 716, 112),
(2913, NULL, NULL, 70, b'0', 717, 112),
(2914, NULL, NULL, 70, b'0', 718, 112),
(2915, NULL, NULL, 70, b'0', 719, 112),
(2916, NULL, NULL, 70, b'0', 720, 112),
(2917, NULL, NULL, 70, b'0', 721, 112),
(2918, NULL, NULL, 70, b'0', 722, 112),
(2919, NULL, NULL, 70, b'0', 723, 112),
(2920, NULL, NULL, 70, b'0', 724, 112),
(2921, NULL, NULL, 70, b'0', 725, 112),
(2922, NULL, NULL, 70, b'0', 726, 112),
(2923, NULL, NULL, 70, b'0', 727, 112),
(2924, NULL, NULL, 70, b'0', 728, 112),
(2925, NULL, NULL, 70, b'0', 729, 112),
(2926, NULL, NULL, 70, b'0', 730, 112),
(2927, NULL, NULL, 70, b'0', 731, 112),
(2928, NULL, NULL, 70, b'0', 732, 112),
(2929, NULL, NULL, 70, b'0', 733, 113),
(2930, NULL, NULL, 70, b'0', 734, 113),
(2931, NULL, NULL, 70, b'0', 735, 113),
(2932, NULL, NULL, 70, b'0', 736, 113),
(2933, NULL, NULL, 70, b'0', 737, 113),
(2934, NULL, NULL, 70, b'0', 738, 113),
(2935, NULL, NULL, 70, b'0', 739, 113),
(2936, NULL, NULL, 70, b'0', 740, 113),
(2937, NULL, NULL, 70, b'0', 741, 113),
(2938, NULL, NULL, 70, b'0', 742, 113),
(2939, NULL, NULL, 70, b'0', 743, 113),
(2940, NULL, NULL, 70, b'0', 744, 113),
(2941, NULL, NULL, 70, b'0', 745, 113),
(2942, NULL, NULL, 70, b'0', 746, 113),
(2943, NULL, NULL, 70, b'0', 747, 113),
(2944, NULL, NULL, 70, b'0', 748, 113),
(2945, NULL, NULL, 70, b'0', 749, 113),
(2946, NULL, NULL, 70, b'0', 750, 113),
(2947, NULL, NULL, 70, b'0', 751, 113),
(2948, NULL, NULL, 70, b'0', 752, 113),
(2949, NULL, NULL, 70, b'0', 753, 113),
(2950, NULL, NULL, 70, b'0', 754, 113),
(2951, NULL, NULL, 70, b'0', 755, 113),
(2952, NULL, NULL, 70, b'0', 756, 113),
(2953, NULL, NULL, 70, b'0', 757, 113),
(2954, NULL, NULL, 70, b'0', 758, 113),
(2955, NULL, NULL, 70, b'0', 759, 113),
(2956, NULL, NULL, 70, b'0', 760, 113),
(2957, NULL, NULL, 70, b'0', 761, 113),
(2958, NULL, NULL, 70, b'0', 762, 113),
(2959, NULL, NULL, 70, b'0', 763, 113),
(2960, NULL, NULL, 70, b'0', 764, 113),
(2961, NULL, NULL, 100, b'0', 733, 114),
(2962, NULL, NULL, 100, b'0', 734, 114),
(2963, NULL, NULL, 100, b'0', 735, 114),
(2964, NULL, NULL, 100, b'0', 736, 114),
(2965, NULL, NULL, 100, b'0', 737, 114),
(2966, NULL, NULL, 100, b'0', 738, 114),
(2967, NULL, NULL, 100, b'0', 739, 114),
(2968, NULL, NULL, 100, b'0', 740, 114),
(2969, NULL, NULL, 100, b'0', 741, 114),
(2970, NULL, NULL, 100, b'0', 742, 114),
(2971, NULL, NULL, 100, b'0', 743, 114),
(2972, NULL, NULL, 100, b'0', 744, 114),
(2973, NULL, NULL, 100, b'0', 745, 114),
(2974, NULL, NULL, 100, b'0', 746, 114),
(2975, NULL, NULL, 100, b'0', 747, 114),
(2976, NULL, NULL, 100, b'0', 748, 114),
(2977, NULL, NULL, 100, b'0', 749, 114),
(2978, NULL, NULL, 100, b'0', 750, 114),
(2979, NULL, NULL, 100, b'0', 751, 114),
(2980, NULL, NULL, 100, b'0', 752, 114),
(2981, NULL, NULL, 100, b'0', 753, 114),
(2982, NULL, NULL, 100, b'0', 754, 114),
(2983, NULL, NULL, 100, b'0', 755, 114),
(2984, NULL, NULL, 100, b'0', 756, 114),
(2985, NULL, NULL, 100, b'0', 757, 114),
(2986, NULL, NULL, 100, b'0', 758, 114),
(2987, NULL, NULL, 100, b'0', 759, 114),
(2988, NULL, NULL, 100, b'0', 760, 114),
(2989, NULL, NULL, 100, b'0', 761, 114),
(2990, NULL, NULL, 100, b'0', 762, 114),
(2991, NULL, NULL, 100, b'0', 763, 114),
(2992, NULL, NULL, 100, b'0', 764, 114),
(2993, NULL, NULL, 30, b'0', 733, 115),
(2994, NULL, NULL, 30, b'0', 734, 115),
(2995, NULL, NULL, 30, b'0', 735, 115),
(2996, NULL, NULL, 30, b'0', 736, 115),
(2997, NULL, NULL, 30, b'0', 737, 115),
(2998, NULL, NULL, 30, b'0', 738, 115),
(2999, NULL, NULL, 30, b'0', 739, 115),
(3000, NULL, NULL, 30, b'0', 740, 115),
(3001, NULL, NULL, 30, b'0', 741, 115),
(3002, NULL, NULL, 30, b'0', 742, 115),
(3003, NULL, NULL, 30, b'0', 743, 115),
(3004, NULL, NULL, 30, b'0', 744, 115),
(3005, NULL, NULL, 30, b'0', 745, 115),
(3006, NULL, NULL, 30, b'0', 746, 115),
(3007, NULL, NULL, 30, b'0', 747, 115),
(3008, NULL, NULL, 30, b'0', 748, 115),
(3009, NULL, NULL, 30, b'0', 749, 115),
(3010, NULL, NULL, 30, b'0', 750, 115),
(3011, NULL, NULL, 30, b'0', 751, 115),
(3012, NULL, NULL, 30, b'0', 752, 115),
(3013, NULL, NULL, 30, b'0', 753, 115),
(3014, NULL, NULL, 30, b'0', 754, 115),
(3015, NULL, NULL, 30, b'0', 755, 115),
(3016, NULL, NULL, 30, b'0', 756, 115),
(3017, NULL, NULL, 30, b'0', 757, 115),
(3018, NULL, NULL, 30, b'0', 758, 115),
(3019, NULL, NULL, 30, b'0', 759, 115),
(3020, NULL, NULL, 30, b'0', 760, 115),
(3021, NULL, NULL, 30, b'0', 761, 115),
(3022, NULL, NULL, 30, b'0', 762, 115),
(3023, NULL, NULL, 30, b'0', 763, 115),
(3024, NULL, NULL, 30, b'0', 764, 115),
(3025, NULL, NULL, 100, b'0', 733, 116),
(3026, NULL, NULL, 100, b'0', 734, 116),
(3027, NULL, NULL, 100, b'0', 735, 116),
(3028, NULL, NULL, 100, b'0', 736, 116),
(3029, NULL, NULL, 100, b'0', 737, 116),
(3030, NULL, NULL, 100, b'0', 738, 116),
(3031, NULL, NULL, 100, b'0', 739, 116),
(3032, NULL, NULL, 100, b'0', 740, 116),
(3033, NULL, NULL, 100, b'0', 741, 116),
(3034, NULL, NULL, 100, b'0', 742, 116),
(3035, NULL, NULL, 100, b'0', 743, 116),
(3036, NULL, NULL, 100, b'0', 744, 116),
(3037, NULL, NULL, 100, b'0', 745, 116),
(3038, NULL, NULL, 100, b'0', 746, 116),
(3039, NULL, NULL, 100, b'0', 747, 116),
(3040, NULL, NULL, 100, b'0', 748, 116),
(3041, NULL, NULL, 100, b'0', 749, 116),
(3042, NULL, NULL, 100, b'0', 750, 116),
(3043, NULL, NULL, 100, b'0', 751, 116),
(3044, NULL, NULL, 100, b'0', 752, 116),
(3045, NULL, NULL, 100, b'0', 753, 116),
(3046, NULL, NULL, 100, b'0', 754, 116),
(3047, NULL, NULL, 100, b'0', 755, 116),
(3048, NULL, NULL, 100, b'0', 756, 116),
(3049, NULL, NULL, 100, b'0', 757, 116),
(3050, NULL, NULL, 100, b'0', 758, 116),
(3051, NULL, NULL, 100, b'0', 759, 116),
(3052, NULL, NULL, 100, b'0', 760, 116),
(3053, NULL, NULL, 100, b'0', 761, 116),
(3054, NULL, NULL, 100, b'0', 762, 116),
(3055, NULL, NULL, 100, b'0', 763, 116),
(3056, NULL, NULL, 100, b'0', 764, 116),
(3057, NULL, NULL, 50, b'0', 765, 117),
(3058, NULL, NULL, 50, b'0', 766, 117),
(3059, NULL, NULL, 50, b'0', 767, 117),
(3060, NULL, NULL, 50, b'0', 768, 117),
(3061, NULL, NULL, 50, b'0', 769, 117),
(3062, NULL, NULL, 50, b'0', 770, 117),
(3063, NULL, NULL, 50, b'0', 771, 117),
(3064, NULL, NULL, 50, b'0', 772, 117),
(3065, NULL, NULL, 50, b'0', 773, 117),
(3066, NULL, NULL, 50, b'0', 774, 117),
(3067, NULL, NULL, 50, b'0', 775, 117),
(3068, NULL, NULL, 50, b'0', 776, 117),
(3069, NULL, NULL, 50, b'0', 777, 117),
(3070, NULL, NULL, 50, b'0', 778, 117),
(3071, NULL, NULL, 50, b'0', 779, 117),
(3072, NULL, NULL, 50, b'0', 780, 117),
(3073, NULL, NULL, 50, b'0', 781, 117),
(3074, NULL, NULL, 70, b'0', 765, 118),
(3075, NULL, NULL, 70, b'0', 766, 118),
(3076, NULL, NULL, 70, b'0', 767, 118),
(3077, NULL, NULL, 70, b'0', 768, 118),
(3078, NULL, NULL, 70, b'0', 769, 118),
(3079, NULL, NULL, 70, b'0', 770, 118),
(3080, NULL, NULL, 70, b'0', 771, 118),
(3081, NULL, NULL, 70, b'0', 772, 118),
(3082, NULL, NULL, 70, b'0', 773, 118),
(3083, NULL, NULL, 70, b'0', 774, 118),
(3084, NULL, NULL, 70, b'0', 775, 118),
(3085, NULL, NULL, 70, b'0', 776, 118),
(3086, NULL, NULL, 70, b'0', 777, 118),
(3087, NULL, NULL, 70, b'0', 778, 118),
(3088, NULL, NULL, 70, b'0', 779, 118),
(3089, NULL, NULL, 70, b'0', 780, 118),
(3090, NULL, NULL, 70, b'0', 781, 118),
(3091, NULL, NULL, 70, b'0', 765, 119),
(3092, NULL, NULL, 70, b'0', 766, 119),
(3093, NULL, NULL, 70, b'0', 767, 119),
(3094, NULL, NULL, 70, b'0', 768, 119),
(3095, NULL, NULL, 70, b'0', 769, 119),
(3096, NULL, NULL, 70, b'0', 770, 119),
(3097, NULL, NULL, 70, b'0', 771, 119),
(3098, NULL, NULL, 70, b'0', 772, 119),
(3099, NULL, NULL, 70, b'0', 773, 119),
(3100, NULL, NULL, 70, b'0', 774, 119),
(3101, NULL, NULL, 70, b'0', 775, 119),
(3102, NULL, NULL, 70, b'0', 776, 119),
(3103, NULL, NULL, 70, b'0', 777, 119),
(3104, NULL, NULL, 70, b'0', 778, 119),
(3105, NULL, NULL, 70, b'0', 779, 119),
(3106, NULL, NULL, 70, b'0', 780, 119),
(3107, NULL, NULL, 70, b'0', 781, 119),
(3108, NULL, NULL, 30, b'0', 765, 120),
(3109, NULL, NULL, 30, b'0', 766, 120),
(3110, NULL, NULL, 30, b'0', 767, 120),
(3111, NULL, NULL, 30, b'0', 768, 120),
(3112, NULL, NULL, 30, b'0', 769, 120),
(3113, NULL, NULL, 30, b'0', 770, 120),
(3114, NULL, NULL, 30, b'0', 771, 120),
(3115, NULL, NULL, 30, b'0', 772, 120),
(3116, NULL, NULL, 30, b'0', 773, 120),
(3117, NULL, NULL, 30, b'0', 774, 120),
(3118, NULL, NULL, 30, b'0', 775, 120),
(3119, NULL, NULL, 30, b'0', 776, 120),
(3120, NULL, NULL, 30, b'0', 777, 120),
(3121, NULL, NULL, 30, b'0', 778, 120),
(3122, NULL, NULL, 30, b'0', 779, 120),
(3123, NULL, NULL, 30, b'0', 780, 120),
(3124, NULL, NULL, 30, b'0', 781, 120),
(3125, NULL, NULL, 30, b'0', 782, 121),
(3126, NULL, NULL, 30, b'0', 783, 121),
(3127, NULL, NULL, 30, b'0', 784, 121),
(3128, NULL, NULL, 30, b'0', 785, 121),
(3129, NULL, NULL, 30, b'0', 786, 121),
(3130, NULL, NULL, 30, b'0', 787, 121),
(3131, NULL, NULL, 30, b'0', 788, 121),
(3132, NULL, NULL, 30, b'0', 789, 121),
(3133, NULL, NULL, 30, b'0', 790, 121),
(3134, NULL, NULL, 30, b'0', 791, 121),
(3135, NULL, NULL, 30, b'0', 792, 121),
(3136, NULL, NULL, 30, b'0', 793, 121),
(3137, NULL, NULL, 30, b'0', 794, 121),
(3138, NULL, NULL, 30, b'0', 795, 121),
(3139, NULL, NULL, 30, b'0', 796, 121),
(3140, NULL, NULL, 30, b'0', 797, 121),
(3141, NULL, NULL, 30, b'0', 798, 121),
(3142, NULL, NULL, 70, b'0', 782, 122),
(3143, NULL, NULL, 70, b'0', 783, 122),
(3144, NULL, NULL, 70, b'0', 784, 122),
(3145, NULL, NULL, 70, b'0', 785, 122),
(3146, NULL, NULL, 70, b'0', 786, 122),
(3147, NULL, NULL, 70, b'0', 787, 122),
(3148, NULL, NULL, 70, b'0', 788, 122),
(3149, NULL, NULL, 70, b'0', 789, 122),
(3150, NULL, NULL, 70, b'0', 790, 122),
(3151, NULL, NULL, 70, b'0', 791, 122),
(3152, NULL, NULL, 70, b'0', 792, 122),
(3153, NULL, NULL, 70, b'0', 793, 122),
(3154, NULL, NULL, 70, b'0', 794, 122),
(3155, NULL, NULL, 70, b'0', 795, 122),
(3156, NULL, NULL, 70, b'0', 796, 122),
(3157, NULL, NULL, 70, b'0', 797, 122),
(3158, NULL, NULL, 70, b'0', 798, 122),
(3159, NULL, NULL, 70, b'0', 782, 123),
(3160, NULL, NULL, 70, b'0', 783, 123),
(3161, NULL, NULL, 70, b'0', 784, 123),
(3162, NULL, NULL, 70, b'0', 785, 123),
(3163, NULL, NULL, 70, b'0', 786, 123),
(3164, NULL, NULL, 70, b'0', 787, 123),
(3165, NULL, NULL, 70, b'0', 788, 123),
(3166, NULL, NULL, 70, b'0', 789, 123),
(3167, NULL, NULL, 70, b'0', 790, 123),
(3168, NULL, NULL, 70, b'0', 791, 123),
(3169, NULL, NULL, 70, b'0', 792, 123),
(3170, NULL, NULL, 70, b'0', 793, 123),
(3171, NULL, NULL, 70, b'0', 794, 123),
(3172, NULL, NULL, 70, b'0', 795, 123),
(3173, NULL, NULL, 70, b'0', 796, 123),
(3174, NULL, NULL, 70, b'0', 797, 123),
(3175, NULL, NULL, 70, b'0', 798, 123),
(3176, NULL, NULL, 70, b'0', 782, 124),
(3177, NULL, NULL, 70, b'0', 783, 124),
(3178, NULL, NULL, 70, b'0', 784, 124),
(3179, NULL, NULL, 70, b'0', 785, 124),
(3180, NULL, NULL, 70, b'0', 786, 124),
(3181, NULL, NULL, 70, b'0', 787, 124),
(3182, NULL, NULL, 70, b'0', 788, 124),
(3183, NULL, NULL, 70, b'0', 789, 124),
(3184, NULL, NULL, 70, b'0', 790, 124),
(3185, NULL, NULL, 70, b'0', 791, 124),
(3186, NULL, NULL, 70, b'0', 792, 124),
(3187, NULL, NULL, 70, b'0', 793, 124),
(3188, NULL, NULL, 70, b'0', 794, 124),
(3189, NULL, NULL, 70, b'0', 795, 124),
(3190, NULL, NULL, 70, b'0', 796, 124),
(3191, NULL, NULL, 70, b'0', 797, 124),
(3192, NULL, NULL, 70, b'0', 798, 124),
(3193, NULL, NULL, 90, b'0', 799, 125),
(3194, NULL, NULL, 90, b'0', 800, 125),
(3195, NULL, NULL, 90, b'0', 801, 125),
(3196, NULL, NULL, 90, b'0', 802, 125),
(3197, NULL, NULL, 90, b'0', 803, 125),
(3198, NULL, NULL, 90, b'0', 804, 125),
(3199, NULL, NULL, 90, b'0', 805, 125),
(3200, NULL, NULL, 90, b'0', 806, 125),
(3201, NULL, NULL, 90, b'0', 807, 125),
(3202, NULL, NULL, 90, b'0', 808, 125),
(3203, NULL, NULL, 90, b'0', 809, 125),
(3204, NULL, NULL, 90, b'0', 810, 125),
(3205, NULL, NULL, 90, b'0', 811, 125),
(3206, NULL, NULL, 90, b'0', 812, 125),
(3207, NULL, NULL, 90, b'0', 813, 125),
(3208, NULL, NULL, 90, b'0', 814, 125),
(3209, NULL, NULL, 90, b'0', 815, 125),
(3210, NULL, NULL, 90, b'0', 816, 125),
(3211, NULL, NULL, 90, b'0', 817, 125),
(3212, NULL, NULL, 90, b'0', 818, 125),
(3213, NULL, NULL, 90, b'0', 819, 125),
(3214, NULL, NULL, 90, b'0', 820, 125),
(3215, NULL, NULL, 90, b'0', 821, 125),
(3216, NULL, NULL, 90, b'0', 822, 125),
(3217, NULL, NULL, 90, b'0', 823, 125),
(3218, NULL, NULL, 90, b'0', 824, 125),
(3219, NULL, NULL, 90, b'0', 825, 125),
(3220, NULL, NULL, 100, b'0', 799, 126),
(3221, NULL, NULL, 100, b'0', 800, 126),
(3222, NULL, NULL, 100, b'0', 801, 126),
(3223, NULL, NULL, 100, b'0', 802, 126),
(3224, NULL, NULL, 100, b'0', 803, 126),
(3225, NULL, NULL, 100, b'0', 804, 126),
(3226, NULL, NULL, 100, b'0', 805, 126),
(3227, NULL, NULL, 100, b'0', 806, 126),
(3228, NULL, NULL, 100, b'0', 807, 126),
(3229, NULL, NULL, 100, b'0', 808, 126),
(3230, NULL, NULL, 100, b'0', 809, 126),
(3231, NULL, NULL, 100, b'0', 810, 126),
(3232, NULL, NULL, 100, b'0', 811, 126),
(3233, NULL, NULL, 100, b'0', 812, 126),
(3234, NULL, NULL, 100, b'0', 813, 126),
(3235, NULL, NULL, 100, b'0', 814, 126),
(3236, NULL, NULL, 100, b'0', 815, 126),
(3237, NULL, NULL, 100, b'0', 816, 126),
(3238, NULL, NULL, 100, b'0', 817, 126),
(3239, NULL, NULL, 100, b'0', 818, 126),
(3240, NULL, NULL, 100, b'0', 819, 126),
(3241, NULL, NULL, 100, b'0', 820, 126),
(3242, NULL, NULL, 100, b'0', 821, 126),
(3243, NULL, NULL, 100, b'0', 822, 126),
(3244, NULL, NULL, 100, b'0', 823, 126),
(3245, NULL, NULL, 100, b'0', 824, 126),
(3246, NULL, NULL, 100, b'0', 825, 126),
(3247, NULL, NULL, 50, b'0', 799, 127),
(3248, NULL, NULL, 50, b'0', 800, 127),
(3249, NULL, NULL, 50, b'0', 801, 127),
(3250, NULL, NULL, 50, b'0', 802, 127),
(3251, NULL, NULL, 50, b'0', 803, 127),
(3252, NULL, NULL, 50, b'0', 804, 127),
(3253, NULL, NULL, 50, b'0', 805, 127),
(3254, NULL, NULL, 50, b'0', 806, 127),
(3255, NULL, NULL, 50, b'0', 807, 127),
(3256, NULL, NULL, 50, b'0', 808, 127),
(3257, NULL, NULL, 50, b'0', 809, 127),
(3258, NULL, NULL, 50, b'0', 810, 127),
(3259, NULL, NULL, 50, b'0', 811, 127),
(3260, NULL, NULL, 50, b'0', 812, 127),
(3261, NULL, NULL, 50, b'0', 813, 127),
(3262, NULL, NULL, 50, b'0', 814, 127),
(3263, NULL, NULL, 50, b'0', 815, 127),
(3264, NULL, NULL, 50, b'0', 816, 127),
(3265, NULL, NULL, 50, b'0', 817, 127),
(3266, NULL, NULL, 50, b'0', 818, 127),
(3267, NULL, NULL, 50, b'0', 819, 127),
(3268, NULL, NULL, 50, b'0', 820, 127),
(3269, NULL, NULL, 50, b'0', 821, 127),
(3270, NULL, NULL, 50, b'0', 822, 127),
(3271, NULL, NULL, 50, b'0', 823, 127),
(3272, NULL, NULL, 50, b'0', 824, 127),
(3273, NULL, NULL, 50, b'0', 825, 127),
(3274, NULL, NULL, 90, b'0', 799, 128),
(3275, NULL, NULL, 90, b'0', 800, 128),
(3276, NULL, NULL, 90, b'0', 801, 128),
(3277, NULL, NULL, 90, b'0', 802, 128),
(3278, NULL, NULL, 90, b'0', 803, 128),
(3279, NULL, NULL, 90, b'0', 804, 128),
(3280, NULL, NULL, 90, b'0', 805, 128),
(3281, NULL, NULL, 90, b'0', 806, 128),
(3282, NULL, NULL, 90, b'0', 807, 128),
(3283, NULL, NULL, 90, b'0', 808, 128),
(3284, NULL, NULL, 90, b'0', 809, 128),
(3285, NULL, NULL, 90, b'0', 810, 128),
(3286, NULL, NULL, 90, b'0', 811, 128),
(3287, NULL, NULL, 90, b'0', 812, 128),
(3288, NULL, NULL, 90, b'0', 813, 128),
(3289, NULL, NULL, 90, b'0', 814, 128),
(3290, NULL, NULL, 90, b'0', 815, 128),
(3291, NULL, NULL, 90, b'0', 816, 128),
(3292, NULL, NULL, 90, b'0', 817, 128),
(3293, NULL, NULL, 90, b'0', 818, 128),
(3294, NULL, NULL, 90, b'0', 819, 128),
(3295, NULL, NULL, 90, b'0', 820, 128),
(3296, NULL, NULL, 90, b'0', 821, 128),
(3297, NULL, NULL, 90, b'0', 822, 128),
(3298, NULL, NULL, 90, b'0', 823, 128),
(3299, NULL, NULL, 90, b'0', 824, 128),
(3300, NULL, NULL, 90, b'0', 825, 128),
(3301, NULL, NULL, 100, b'0', 826, 129),
(3302, NULL, NULL, 100, b'0', 827, 129),
(3303, NULL, NULL, 100, b'0', 828, 129),
(3304, NULL, NULL, 100, b'0', 829, 129),
(3305, NULL, NULL, 100, b'0', 830, 129),
(3306, NULL, NULL, 100, b'0', 831, 129),
(3307, NULL, NULL, 100, b'0', 832, 129),
(3308, NULL, NULL, 100, b'0', 833, 129),
(3309, NULL, NULL, 100, b'0', 834, 129),
(3310, NULL, NULL, 100, b'0', 835, 129),
(3311, NULL, NULL, 100, b'0', 836, 129),
(3312, NULL, NULL, 100, b'0', 837, 129),
(3313, NULL, NULL, 100, b'0', 838, 129),
(3314, NULL, NULL, 100, b'0', 839, 129),
(3315, NULL, NULL, 100, b'0', 840, 129),
(3316, NULL, NULL, 100, b'0', 841, 129),
(3317, NULL, NULL, 100, b'0', 842, 129),
(3318, NULL, NULL, 30, b'0', 826, 130),
(3319, NULL, NULL, 30, b'0', 827, 130),
(3320, NULL, NULL, 30, b'0', 828, 130),
(3321, NULL, NULL, 30, b'0', 829, 130),
(3322, NULL, NULL, 30, b'0', 830, 130),
(3323, NULL, NULL, 30, b'0', 831, 130),
(3324, NULL, NULL, 30, b'0', 832, 130),
(3325, NULL, NULL, 30, b'0', 833, 130),
(3326, NULL, NULL, 30, b'0', 834, 130),
(3327, NULL, NULL, 30, b'0', 835, 130),
(3328, NULL, NULL, 30, b'0', 836, 130),
(3329, NULL, NULL, 30, b'0', 837, 130),
(3330, NULL, NULL, 30, b'0', 838, 130),
(3331, NULL, NULL, 30, b'0', 839, 130),
(3332, NULL, NULL, 30, b'0', 840, 130),
(3333, NULL, NULL, 30, b'0', 841, 130),
(3334, NULL, NULL, 30, b'0', 842, 130),
(3335, NULL, NULL, 30, b'0', 826, 131),
(3336, NULL, NULL, 30, b'0', 827, 131),
(3337, NULL, NULL, 30, b'0', 828, 131),
(3338, NULL, NULL, 30, b'0', 829, 131),
(3339, NULL, NULL, 30, b'0', 830, 131),
(3340, NULL, NULL, 30, b'0', 831, 131),
(3341, NULL, NULL, 30, b'0', 832, 131),
(3342, NULL, NULL, 30, b'0', 833, 131),
(3343, NULL, NULL, 30, b'0', 834, 131),
(3344, NULL, NULL, 30, b'0', 835, 131),
(3345, NULL, NULL, 30, b'0', 836, 131),
(3346, NULL, NULL, 30, b'0', 837, 131),
(3347, NULL, NULL, 30, b'0', 838, 131),
(3348, NULL, NULL, 30, b'0', 839, 131),
(3349, NULL, NULL, 30, b'0', 840, 131),
(3350, NULL, NULL, 30, b'0', 841, 131),
(3351, NULL, NULL, 30, b'0', 842, 131),
(3352, NULL, NULL, 70, b'0', 826, 132),
(3353, NULL, NULL, 70, b'0', 827, 132),
(3354, NULL, NULL, 70, b'0', 828, 132),
(3355, NULL, NULL, 70, b'0', 829, 132),
(3356, NULL, NULL, 70, b'0', 830, 132),
(3357, NULL, NULL, 70, b'0', 831, 132),
(3358, NULL, NULL, 70, b'0', 832, 132),
(3359, NULL, NULL, 70, b'0', 833, 132),
(3360, NULL, NULL, 70, b'0', 834, 132),
(3361, NULL, NULL, 70, b'0', 835, 132),
(3362, NULL, NULL, 70, b'0', 836, 132),
(3363, NULL, NULL, 70, b'0', 837, 132),
(3364, NULL, NULL, 70, b'0', 838, 132),
(3365, NULL, NULL, 70, b'0', 839, 132),
(3366, NULL, NULL, 70, b'0', 840, 132),
(3367, NULL, NULL, 70, b'0', 841, 132),
(3368, NULL, NULL, 70, b'0', 842, 132),
(3369, NULL, NULL, 50, b'0', 843, 133),
(3370, NULL, NULL, 50, b'0', 844, 133),
(3371, NULL, NULL, 50, b'0', 845, 133),
(3372, NULL, NULL, 50, b'0', 846, 133),
(3373, NULL, NULL, 50, b'0', 847, 133),
(3374, NULL, NULL, 50, b'0', 848, 133),
(3375, NULL, NULL, 50, b'0', 849, 133),
(3376, NULL, NULL, 50, b'0', 850, 133),
(3377, NULL, NULL, 50, b'0', 851, 133),
(3378, NULL, NULL, 50, b'0', 852, 133),
(3379, NULL, NULL, 50, b'0', 853, 133),
(3380, NULL, NULL, 50, b'0', 854, 133),
(3381, NULL, NULL, 50, b'0', 855, 133),
(3382, NULL, NULL, 50, b'0', 856, 133),
(3383, NULL, NULL, 50, b'0', 857, 133),
(3384, NULL, NULL, 50, b'0', 858, 133),
(3385, NULL, NULL, 50, b'0', 859, 133),
(3386, NULL, NULL, 50, b'0', 860, 133),
(3387, NULL, NULL, 50, b'0', 861, 133),
(3388, NULL, NULL, 50, b'0', 862, 133),
(3389, NULL, NULL, 50, b'0', 863, 133),
(3390, NULL, NULL, 90, b'0', 843, 134),
(3391, NULL, NULL, 90, b'0', 844, 134),
(3392, NULL, NULL, 90, b'0', 845, 134),
(3393, NULL, NULL, 90, b'0', 846, 134),
(3394, NULL, NULL, 90, b'0', 847, 134),
(3395, NULL, NULL, 90, b'0', 848, 134),
(3396, NULL, NULL, 90, b'0', 849, 134),
(3397, NULL, NULL, 90, b'0', 850, 134),
(3398, NULL, NULL, 90, b'0', 851, 134),
(3399, NULL, NULL, 90, b'0', 852, 134),
(3400, NULL, NULL, 90, b'0', 853, 134),
(3401, NULL, NULL, 90, b'0', 854, 134),
(3402, NULL, NULL, 90, b'0', 855, 134),
(3403, NULL, NULL, 90, b'0', 856, 134),
(3404, NULL, NULL, 90, b'0', 857, 134),
(3405, NULL, NULL, 90, b'0', 858, 134),
(3406, NULL, NULL, 90, b'0', 859, 134),
(3407, NULL, NULL, 90, b'0', 860, 134),
(3408, NULL, NULL, 90, b'0', 861, 134),
(3409, NULL, NULL, 90, b'0', 862, 134),
(3410, NULL, NULL, 90, b'0', 863, 134),
(3411, NULL, NULL, 90, b'0', 843, 135),
(3412, NULL, NULL, 90, b'0', 844, 135),
(3413, NULL, NULL, 90, b'0', 845, 135),
(3414, NULL, NULL, 90, b'0', 846, 135),
(3415, NULL, NULL, 90, b'0', 847, 135),
(3416, NULL, NULL, 90, b'0', 848, 135),
(3417, NULL, NULL, 90, b'0', 849, 135),
(3418, NULL, NULL, 90, b'0', 850, 135),
(3419, NULL, NULL, 90, b'0', 851, 135),
(3420, NULL, NULL, 90, b'0', 852, 135),
(3421, NULL, NULL, 90, b'0', 853, 135),
(3422, NULL, NULL, 90, b'0', 854, 135),
(3423, NULL, NULL, 90, b'0', 855, 135),
(3424, NULL, NULL, 90, b'0', 856, 135),
(3425, NULL, NULL, 90, b'0', 857, 135),
(3426, NULL, NULL, 90, b'0', 858, 135),
(3427, NULL, NULL, 90, b'0', 859, 135),
(3428, NULL, NULL, 90, b'0', 860, 135),
(3429, NULL, NULL, 90, b'0', 861, 135),
(3430, NULL, NULL, 90, b'0', 862, 135),
(3431, NULL, NULL, 90, b'0', 863, 135),
(3432, NULL, NULL, 90, b'0', 843, 136),
(3433, NULL, NULL, 90, b'0', 844, 136),
(3434, NULL, NULL, 90, b'0', 845, 136),
(3435, NULL, NULL, 90, b'0', 846, 136),
(3436, NULL, NULL, 90, b'0', 847, 136),
(3437, NULL, NULL, 90, b'0', 848, 136),
(3438, NULL, NULL, 90, b'0', 849, 136),
(3439, NULL, NULL, 90, b'0', 850, 136),
(3440, NULL, NULL, 90, b'0', 851, 136),
(3441, NULL, NULL, 90, b'0', 852, 136),
(3442, NULL, NULL, 90, b'0', 853, 136),
(3443, NULL, NULL, 90, b'0', 854, 136),
(3444, NULL, NULL, 90, b'0', 855, 136),
(3445, NULL, NULL, 90, b'0', 856, 136),
(3446, NULL, NULL, 90, b'0', 857, 136),
(3447, NULL, NULL, 90, b'0', 858, 136),
(3448, NULL, NULL, 90, b'0', 859, 136),
(3449, NULL, NULL, 90, b'0', 860, 136),
(3450, NULL, NULL, 90, b'0', 861, 136),
(3451, NULL, NULL, 90, b'0', 862, 136),
(3452, NULL, NULL, 90, b'0', 863, 136),
(3453, NULL, NULL, 50, b'0', 864, 137),
(3454, NULL, NULL, 50, b'0', 865, 137),
(3455, NULL, NULL, 50, b'0', 866, 137),
(3456, NULL, NULL, 50, b'0', 867, 137),
(3457, NULL, NULL, 50, b'0', 868, 137),
(3458, NULL, NULL, 50, b'0', 869, 137),
(3459, NULL, NULL, 50, b'0', 870, 137),
(3460, NULL, NULL, 50, b'0', 871, 137),
(3461, NULL, NULL, 50, b'0', 872, 137),
(3462, NULL, NULL, 50, b'0', 873, 137),
(3463, NULL, NULL, 50, b'0', 874, 137),
(3464, NULL, NULL, 50, b'0', 875, 137),
(3465, NULL, NULL, 50, b'0', 876, 137),
(3466, NULL, NULL, 50, b'0', 877, 137),
(3467, NULL, NULL, 50, b'0', 878, 137),
(3468, NULL, NULL, 50, b'0', 879, 137),
(3469, NULL, NULL, 50, b'0', 880, 137),
(3470, NULL, NULL, 50, b'0', 881, 137),
(3471, NULL, NULL, 50, b'0', 864, 138),
(3472, NULL, NULL, 50, b'0', 865, 138),
(3473, NULL, NULL, 50, b'0', 866, 138),
(3474, NULL, NULL, 50, b'0', 867, 138),
(3475, NULL, NULL, 50, b'0', 868, 138),
(3476, NULL, NULL, 50, b'0', 869, 138),
(3477, NULL, NULL, 50, b'0', 870, 138),
(3478, NULL, NULL, 50, b'0', 871, 138),
(3479, NULL, NULL, 50, b'0', 872, 138),
(3480, NULL, NULL, 50, b'0', 873, 138),
(3481, NULL, NULL, 50, b'0', 874, 138),
(3482, NULL, NULL, 50, b'0', 875, 138),
(3483, NULL, NULL, 50, b'0', 876, 138),
(3484, NULL, NULL, 50, b'0', 877, 138),
(3485, NULL, NULL, 50, b'0', 878, 138),
(3486, NULL, NULL, 50, b'0', 879, 138),
(3487, NULL, NULL, 50, b'0', 880, 138),
(3488, NULL, NULL, 50, b'0', 881, 138),
(3489, NULL, NULL, 90, b'0', 864, 139),
(3490, NULL, NULL, 90, b'0', 865, 139),
(3491, NULL, NULL, 90, b'0', 866, 139),
(3492, NULL, NULL, 90, b'0', 867, 139),
(3493, NULL, NULL, 90, b'0', 868, 139),
(3494, NULL, NULL, 90, b'0', 869, 139),
(3495, NULL, NULL, 90, b'0', 870, 139),
(3496, NULL, NULL, 90, b'0', 871, 139),
(3497, NULL, NULL, 90, b'0', 872, 139),
(3498, NULL, NULL, 90, b'0', 873, 139),
(3499, NULL, NULL, 90, b'0', 874, 139),
(3500, NULL, NULL, 90, b'0', 875, 139),
(3501, NULL, NULL, 90, b'0', 876, 139),
(3502, NULL, NULL, 90, b'0', 877, 139),
(3503, NULL, NULL, 90, b'0', 878, 139),
(3504, NULL, NULL, 90, b'0', 879, 139),
(3505, NULL, NULL, 90, b'0', 880, 139),
(3506, NULL, NULL, 90, b'0', 881, 139),
(3507, NULL, NULL, 90, b'0', 864, 140),
(3508, NULL, NULL, 90, b'0', 865, 140),
(3509, NULL, NULL, 90, b'0', 866, 140),
(3510, NULL, NULL, 90, b'0', 867, 140),
(3511, NULL, NULL, 90, b'0', 868, 140),
(3512, NULL, NULL, 90, b'0', 869, 140),
(3513, NULL, NULL, 90, b'0', 870, 140),
(3514, NULL, NULL, 90, b'0', 871, 140),
(3515, NULL, NULL, 90, b'0', 872, 140),
(3516, NULL, NULL, 90, b'0', 873, 140),
(3517, NULL, NULL, 90, b'0', 874, 140),
(3518, NULL, NULL, 90, b'0', 875, 140),
(3519, NULL, NULL, 90, b'0', 876, 140),
(3520, NULL, NULL, 90, b'0', 877, 140),
(3521, NULL, NULL, 90, b'0', 878, 140),
(3522, NULL, NULL, 90, b'0', 879, 140),
(3523, NULL, NULL, 90, b'0', 880, 140),
(3524, NULL, NULL, 90, b'0', 881, 140),
(3525, NULL, NULL, 70, b'0', 882, 141),
(3526, NULL, NULL, 70, b'0', 883, 141),
(3527, NULL, NULL, 70, b'0', 884, 141),
(3528, NULL, NULL, 70, b'0', 885, 141),
(3529, NULL, NULL, 70, b'0', 886, 141),
(3530, NULL, NULL, 70, b'0', 887, 141),
(3531, NULL, NULL, 70, b'0', 888, 141),
(3532, NULL, NULL, 70, b'0', 889, 141),
(3533, NULL, NULL, 70, b'0', 890, 141),
(3534, NULL, NULL, 70, b'0', 891, 141),
(3535, NULL, NULL, 70, b'0', 892, 141),
(3536, NULL, NULL, 70, b'0', 893, 141),
(3537, NULL, NULL, 70, b'0', 894, 141),
(3538, NULL, NULL, 70, b'0', 895, 141),
(3539, NULL, NULL, 70, b'0', 896, 141),
(3540, NULL, NULL, 70, b'0', 897, 141),
(3541, NULL, NULL, 70, b'0', 898, 141),
(3542, NULL, NULL, 70, b'0', 899, 141),
(3543, NULL, NULL, 70, b'0', 900, 141),
(3544, NULL, NULL, 70, b'0', 901, 141),
(3545, NULL, NULL, 70, b'0', 902, 141),
(3546, NULL, NULL, 70, b'0', 903, 141),
(3547, NULL, NULL, 70, b'0', 904, 141),
(3548, NULL, NULL, 70, b'0', 905, 141),
(3549, NULL, NULL, 70, b'0', 906, 141),
(3550, NULL, NULL, 70, b'0', 907, 141),
(3551, NULL, NULL, 70, b'0', 908, 141),
(3552, NULL, NULL, 70, b'0', 909, 141),
(3553, NULL, NULL, 70, b'0', 910, 141),
(3554, NULL, NULL, 70, b'0', 911, 141),
(3555, NULL, NULL, 70, b'0', 912, 141),
(3556, NULL, NULL, 70, b'0', 913, 141),
(3557, NULL, NULL, 30, b'0', 882, 142),
(3558, NULL, NULL, 30, b'0', 883, 142),
(3559, NULL, NULL, 30, b'0', 884, 142),
(3560, NULL, NULL, 30, b'0', 885, 142),
(3561, NULL, NULL, 30, b'0', 886, 142),
(3562, NULL, NULL, 30, b'0', 887, 142),
(3563, NULL, NULL, 30, b'0', 888, 142),
(3564, NULL, NULL, 30, b'0', 889, 142),
(3565, NULL, NULL, 30, b'0', 890, 142),
(3566, NULL, NULL, 30, b'0', 891, 142),
(3567, NULL, NULL, 30, b'0', 892, 142),
(3568, NULL, NULL, 30, b'0', 893, 142),
(3569, NULL, NULL, 30, b'0', 894, 142),
(3570, NULL, NULL, 30, b'0', 895, 142),
(3571, NULL, NULL, 30, b'0', 896, 142),
(3572, NULL, NULL, 30, b'0', 897, 142),
(3573, NULL, NULL, 30, b'0', 898, 142),
(3574, NULL, NULL, 30, b'0', 899, 142),
(3575, NULL, NULL, 30, b'0', 900, 142),
(3576, NULL, NULL, 30, b'0', 901, 142),
(3577, NULL, NULL, 30, b'0', 902, 142),
(3578, NULL, NULL, 30, b'0', 903, 142),
(3579, NULL, NULL, 30, b'0', 904, 142),
(3580, NULL, NULL, 30, b'0', 905, 142),
(3581, NULL, NULL, 30, b'0', 906, 142),
(3582, NULL, NULL, 30, b'0', 907, 142),
(3583, NULL, NULL, 30, b'0', 908, 142),
(3584, NULL, NULL, 30, b'0', 909, 142),
(3585, NULL, NULL, 30, b'0', 910, 142),
(3586, NULL, NULL, 30, b'0', 911, 142),
(3587, NULL, NULL, 30, b'0', 912, 142),
(3588, NULL, NULL, 30, b'0', 913, 142),
(3589, NULL, NULL, 50, b'0', 882, 143),
(3590, NULL, NULL, 50, b'0', 883, 143),
(3591, NULL, NULL, 50, b'0', 884, 143),
(3592, NULL, NULL, 50, b'0', 885, 143),
(3593, NULL, NULL, 50, b'0', 886, 143),
(3594, NULL, NULL, 50, b'0', 887, 143),
(3595, NULL, NULL, 50, b'0', 888, 143),
(3596, NULL, NULL, 50, b'0', 889, 143),
(3597, NULL, NULL, 50, b'0', 890, 143),
(3598, NULL, NULL, 50, b'0', 891, 143),
(3599, NULL, NULL, 50, b'0', 892, 143),
(3600, NULL, NULL, 50, b'0', 893, 143),
(3601, NULL, NULL, 50, b'0', 894, 143),
(3602, NULL, NULL, 50, b'0', 895, 143),
(3603, NULL, NULL, 50, b'0', 896, 143),
(3604, NULL, NULL, 50, b'0', 897, 143),
(3605, NULL, NULL, 50, b'0', 898, 143),
(3606, NULL, NULL, 50, b'0', 899, 143),
(3607, NULL, NULL, 50, b'0', 900, 143),
(3608, NULL, NULL, 50, b'0', 901, 143),
(3609, NULL, NULL, 50, b'0', 902, 143),
(3610, NULL, NULL, 50, b'0', 903, 143),
(3611, NULL, NULL, 50, b'0', 904, 143),
(3612, NULL, NULL, 50, b'0', 905, 143),
(3613, NULL, NULL, 50, b'0', 906, 143),
(3614, NULL, NULL, 50, b'0', 907, 143),
(3615, NULL, NULL, 50, b'0', 908, 143),
(3616, NULL, NULL, 50, b'0', 909, 143),
(3617, NULL, NULL, 50, b'0', 910, 143),
(3618, NULL, NULL, 50, b'0', 911, 143),
(3619, NULL, NULL, 50, b'0', 912, 143),
(3620, NULL, NULL, 50, b'0', 913, 143),
(3621, NULL, NULL, 100, b'0', 882, 144),
(3622, NULL, NULL, 100, b'0', 883, 144),
(3623, NULL, NULL, 100, b'0', 884, 144),
(3624, NULL, NULL, 100, b'0', 885, 144),
(3625, NULL, NULL, 100, b'0', 886, 144),
(3626, NULL, NULL, 100, b'0', 887, 144),
(3627, NULL, NULL, 100, b'0', 888, 144),
(3628, NULL, NULL, 100, b'0', 889, 144),
(3629, NULL, NULL, 100, b'0', 890, 144),
(3630, NULL, NULL, 100, b'0', 891, 144),
(3631, NULL, NULL, 100, b'0', 892, 144),
(3632, NULL, NULL, 100, b'0', 893, 144),
(3633, NULL, NULL, 100, b'0', 894, 144),
(3634, NULL, NULL, 100, b'0', 895, 144),
(3635, NULL, NULL, 100, b'0', 896, 144),
(3636, NULL, NULL, 100, b'0', 897, 144),
(3637, NULL, NULL, 100, b'0', 898, 144),
(3638, NULL, NULL, 100, b'0', 899, 144),
(3639, NULL, NULL, 100, b'0', 900, 144),
(3640, NULL, NULL, 100, b'0', 901, 144),
(3641, NULL, NULL, 100, b'0', 902, 144),
(3642, NULL, NULL, 100, b'0', 903, 144),
(3643, NULL, NULL, 100, b'0', 904, 144),
(3644, NULL, NULL, 100, b'0', 905, 144),
(3645, NULL, NULL, 100, b'0', 906, 144),
(3646, NULL, NULL, 100, b'0', 907, 144),
(3647, NULL, NULL, 100, b'0', 908, 144),
(3648, NULL, NULL, 100, b'0', 909, 144),
(3649, NULL, NULL, 100, b'0', 910, 144),
(3650, NULL, NULL, 100, b'0', 911, 144),
(3651, NULL, NULL, 100, b'0', 912, 144),
(3652, NULL, NULL, 100, b'0', 913, 144),
(3653, NULL, NULL, 90, b'0', 914, 145),
(3654, NULL, NULL, 90, b'0', 915, 145),
(3655, NULL, NULL, 90, b'0', 916, 145),
(3656, NULL, NULL, 90, b'0', 917, 145),
(3657, NULL, NULL, 90, b'0', 918, 145),
(3658, NULL, NULL, 90, b'0', 919, 145),
(3659, NULL, NULL, 90, b'0', 920, 145),
(3660, NULL, NULL, 90, b'0', 921, 145),
(3661, NULL, NULL, 90, b'0', 922, 145),
(3662, NULL, NULL, 90, b'0', 923, 145),
(3663, NULL, NULL, 90, b'0', 924, 145),
(3664, NULL, NULL, 90, b'0', 925, 145),
(3665, NULL, NULL, 90, b'0', 926, 145),
(3666, NULL, NULL, 90, b'0', 927, 145),
(3667, NULL, NULL, 90, b'0', 928, 145),
(3668, NULL, NULL, 90, b'0', 929, 145),
(3669, NULL, NULL, 90, b'0', 930, 145),
(3670, NULL, NULL, 90, b'0', 931, 145),
(3671, NULL, NULL, 50, b'0', 914, 146),
(3672, NULL, NULL, 50, b'0', 915, 146),
(3673, NULL, NULL, 50, b'0', 916, 146),
(3674, NULL, NULL, 50, b'0', 917, 146),
(3675, NULL, NULL, 50, b'0', 918, 146),
(3676, NULL, NULL, 50, b'0', 919, 146),
(3677, NULL, NULL, 50, b'0', 920, 146),
(3678, NULL, NULL, 50, b'0', 921, 146),
(3679, NULL, NULL, 50, b'0', 922, 146),
(3680, NULL, NULL, 50, b'0', 923, 146),
(3681, NULL, NULL, 50, b'0', 924, 146),
(3682, NULL, NULL, 50, b'0', 925, 146),
(3683, NULL, NULL, 50, b'0', 926, 146),
(3684, NULL, NULL, 50, b'0', 927, 146),
(3685, NULL, NULL, 50, b'0', 928, 146),
(3686, NULL, NULL, 50, b'0', 929, 146),
(3687, NULL, NULL, 50, b'0', 930, 146),
(3688, NULL, NULL, 50, b'0', 931, 146),
(3689, NULL, NULL, 30, b'0', 914, 147),
(3690, NULL, NULL, 30, b'0', 915, 147),
(3691, NULL, NULL, 30, b'0', 916, 147),
(3692, NULL, NULL, 30, b'0', 917, 147),
(3693, NULL, NULL, 30, b'0', 918, 147),
(3694, NULL, NULL, 30, b'0', 919, 147),
(3695, NULL, NULL, 30, b'0', 920, 147),
(3696, NULL, NULL, 30, b'0', 921, 147),
(3697, NULL, NULL, 30, b'0', 922, 147),
(3698, NULL, NULL, 30, b'0', 923, 147),
(3699, NULL, NULL, 30, b'0', 924, 147),
(3700, NULL, NULL, 30, b'0', 925, 147),
(3701, NULL, NULL, 30, b'0', 926, 147),
(3702, NULL, NULL, 30, b'0', 927, 147),
(3703, NULL, NULL, 30, b'0', 928, 147),
(3704, NULL, NULL, 30, b'0', 929, 147),
(3705, NULL, NULL, 30, b'0', 930, 147),
(3706, NULL, NULL, 30, b'0', 931, 147),
(3707, NULL, NULL, 70, b'0', 914, 148),
(3708, NULL, NULL, 70, b'0', 915, 148),
(3709, NULL, NULL, 70, b'0', 916, 148),
(3710, NULL, NULL, 70, b'0', 917, 148),
(3711, NULL, NULL, 70, b'0', 918, 148),
(3712, NULL, NULL, 70, b'0', 919, 148),
(3713, NULL, NULL, 70, b'0', 920, 148),
(3714, NULL, NULL, 70, b'0', 921, 148),
(3715, NULL, NULL, 70, b'0', 922, 148),
(3716, NULL, NULL, 70, b'0', 923, 148),
(3717, NULL, NULL, 70, b'0', 924, 148),
(3718, NULL, NULL, 70, b'0', 925, 148),
(3719, NULL, NULL, 70, b'0', 926, 148),
(3720, NULL, NULL, 70, b'0', 927, 148),
(3721, NULL, NULL, 70, b'0', 928, 148),
(3722, NULL, NULL, 70, b'0', 929, 148),
(3723, NULL, NULL, 70, b'0', 930, 148),
(3724, NULL, NULL, 70, b'0', 931, 148),
(3725, NULL, NULL, 70, b'0', 932, 149),
(3726, NULL, NULL, 70, b'0', 933, 149),
(3727, NULL, NULL, 70, b'0', 934, 149),
(3728, NULL, NULL, 70, b'0', 935, 149),
(3729, NULL, NULL, 70, b'0', 936, 149),
(3730, NULL, NULL, 70, b'0', 937, 149),
(3731, NULL, NULL, 70, b'0', 938, 149),
(3732, NULL, NULL, 70, b'0', 939, 149),
(3733, NULL, NULL, 70, b'0', 940, 149),
(3734, NULL, NULL, 70, b'0', 941, 149),
(3735, NULL, NULL, 70, b'0', 942, 149),
(3736, NULL, NULL, 70, b'0', 943, 149),
(3737, NULL, NULL, 70, b'0', 944, 149),
(3738, NULL, NULL, 70, b'0', 945, 149),
(3739, NULL, NULL, 70, b'0', 946, 149),
(3740, NULL, NULL, 70, b'0', 947, 149),
(3741, NULL, NULL, 70, b'0', 948, 149),
(3742, NULL, NULL, 70, b'0', 949, 149),
(3743, NULL, NULL, 70, b'0', 950, 149),
(3744, NULL, NULL, 70, b'0', 951, 149),
(3745, NULL, NULL, 70, b'0', 952, 149),
(3746, NULL, NULL, 70, b'0', 953, 149),
(3747, NULL, NULL, 70, b'0', 954, 149),
(3748, NULL, NULL, 70, b'0', 955, 149),
(3749, NULL, NULL, 70, b'0', 956, 149),
(3750, NULL, NULL, 70, b'0', 957, 149),
(3751, NULL, NULL, 70, b'0', 958, 149),
(3752, NULL, NULL, 70, b'0', 959, 149),
(3753, NULL, NULL, 100, b'0', 932, 150),
(3754, NULL, NULL, 100, b'0', 933, 150),
(3755, NULL, NULL, 100, b'0', 934, 150),
(3756, NULL, NULL, 100, b'0', 935, 150),
(3757, NULL, NULL, 100, b'0', 936, 150),
(3758, NULL, NULL, 100, b'0', 937, 150),
(3759, NULL, NULL, 100, b'0', 938, 150),
(3760, NULL, NULL, 100, b'0', 939, 150),
(3761, NULL, NULL, 100, b'0', 940, 150),
(3762, NULL, NULL, 100, b'0', 941, 150),
(3763, NULL, NULL, 100, b'0', 942, 150),
(3764, NULL, NULL, 100, b'0', 943, 150),
(3765, NULL, NULL, 100, b'0', 944, 150),
(3766, NULL, NULL, 100, b'0', 945, 150),
(3767, NULL, NULL, 100, b'0', 946, 150),
(3768, NULL, NULL, 100, b'0', 947, 150),
(3769, NULL, NULL, 100, b'0', 948, 150),
(3770, NULL, NULL, 100, b'0', 949, 150),
(3771, NULL, NULL, 100, b'0', 950, 150),
(3772, NULL, NULL, 100, b'0', 951, 150),
(3773, NULL, NULL, 100, b'0', 952, 150),
(3774, NULL, NULL, 100, b'0', 953, 150),
(3775, NULL, NULL, 100, b'0', 954, 150),
(3776, NULL, NULL, 100, b'0', 955, 150),
(3777, NULL, NULL, 100, b'0', 956, 150),
(3778, NULL, NULL, 100, b'0', 957, 150),
(3779, NULL, NULL, 100, b'0', 958, 150),
(3780, NULL, NULL, 100, b'0', 959, 150),
(3781, NULL, NULL, 90, b'0', 932, 151),
(3782, NULL, NULL, 90, b'0', 933, 151),
(3783, NULL, NULL, 90, b'0', 934, 151),
(3784, NULL, NULL, 90, b'0', 935, 151),
(3785, NULL, NULL, 90, b'0', 936, 151),
(3786, NULL, NULL, 90, b'0', 937, 151),
(3787, NULL, NULL, 90, b'0', 938, 151),
(3788, NULL, NULL, 90, b'0', 939, 151),
(3789, NULL, NULL, 90, b'0', 940, 151),
(3790, NULL, NULL, 90, b'0', 941, 151),
(3791, NULL, NULL, 90, b'0', 942, 151),
(3792, NULL, NULL, 90, b'0', 943, 151),
(3793, NULL, NULL, 90, b'0', 944, 151),
(3794, NULL, NULL, 90, b'0', 945, 151),
(3795, NULL, NULL, 90, b'0', 946, 151),
(3796, NULL, NULL, 90, b'0', 947, 151),
(3797, NULL, NULL, 90, b'0', 948, 151),
(3798, NULL, NULL, 90, b'0', 949, 151),
(3799, NULL, NULL, 90, b'0', 950, 151),
(3800, NULL, NULL, 90, b'0', 951, 151),
(3801, NULL, NULL, 90, b'0', 952, 151),
(3802, NULL, NULL, 90, b'0', 953, 151),
(3803, NULL, NULL, 90, b'0', 954, 151),
(3804, NULL, NULL, 90, b'0', 955, 151),
(3805, NULL, NULL, 90, b'0', 956, 151),
(3806, NULL, NULL, 90, b'0', 957, 151),
(3807, NULL, NULL, 90, b'0', 958, 151),
(3808, NULL, NULL, 90, b'0', 959, 151),
(3809, NULL, NULL, 50, b'0', 932, 152),
(3810, NULL, NULL, 50, b'0', 933, 152),
(3811, NULL, NULL, 50, b'0', 934, 152),
(3812, NULL, NULL, 50, b'0', 935, 152),
(3813, NULL, NULL, 50, b'0', 936, 152),
(3814, NULL, NULL, 50, b'0', 937, 152),
(3815, NULL, NULL, 50, b'0', 938, 152),
(3816, NULL, NULL, 50, b'0', 939, 152),
(3817, NULL, NULL, 50, b'0', 940, 152),
(3818, NULL, NULL, 50, b'0', 941, 152),
(3819, NULL, NULL, 50, b'0', 942, 152),
(3820, NULL, NULL, 50, b'0', 943, 152),
(3821, NULL, NULL, 50, b'0', 944, 152),
(3822, NULL, NULL, 50, b'0', 945, 152),
(3823, NULL, NULL, 50, b'0', 946, 152),
(3824, NULL, NULL, 50, b'0', 947, 152),
(3825, NULL, NULL, 50, b'0', 948, 152),
(3826, NULL, NULL, 50, b'0', 949, 152),
(3827, NULL, NULL, 50, b'0', 950, 152),
(3828, NULL, NULL, 50, b'0', 951, 152),
(3829, NULL, NULL, 50, b'0', 952, 152),
(3830, NULL, NULL, 50, b'0', 953, 152),
(3831, NULL, NULL, 50, b'0', 954, 152),
(3832, NULL, NULL, 50, b'0', 955, 152),
(3833, NULL, NULL, 50, b'0', 956, 152),
(3834, NULL, NULL, 50, b'0', 957, 152),
(3835, NULL, NULL, 50, b'0', 958, 152),
(3836, NULL, NULL, 50, b'0', 959, 152),
(3837, NULL, NULL, 70, b'0', 960, 153),
(3838, NULL, NULL, 70, b'0', 961, 153),
(3839, NULL, NULL, 70, b'0', 962, 153),
(3840, NULL, NULL, 70, b'0', 963, 153),
(3841, NULL, NULL, 70, b'0', 964, 153),
(3842, NULL, NULL, 70, b'0', 965, 153),
(3843, NULL, NULL, 70, b'0', 966, 153),
(3844, NULL, NULL, 70, b'0', 967, 153),
(3845, NULL, NULL, 70, b'0', 968, 153),
(3846, NULL, NULL, 70, b'0', 969, 153),
(3847, NULL, NULL, 70, b'0', 970, 153),
(3848, NULL, NULL, 70, b'0', 971, 153),
(3849, NULL, NULL, 70, b'0', 972, 153),
(3850, NULL, NULL, 70, b'0', 973, 153),
(3851, NULL, NULL, 70, b'0', 974, 153),
(3852, NULL, NULL, 70, b'0', 975, 153),
(3853, NULL, NULL, 70, b'0', 976, 153),
(3854, NULL, NULL, 100, b'0', 960, 154),
(3855, NULL, NULL, 100, b'0', 961, 154),
(3856, NULL, NULL, 100, b'0', 962, 154),
(3857, NULL, NULL, 100, b'0', 963, 154),
(3858, NULL, NULL, 100, b'0', 964, 154),
(3859, NULL, NULL, 100, b'0', 965, 154),
(3860, NULL, NULL, 100, b'0', 966, 154),
(3861, NULL, NULL, 100, b'0', 967, 154),
(3862, NULL, NULL, 100, b'0', 968, 154),
(3863, NULL, NULL, 100, b'0', 969, 154),
(3864, NULL, NULL, 100, b'0', 970, 154),
(3865, NULL, NULL, 100, b'0', 971, 154),
(3866, NULL, NULL, 100, b'0', 972, 154),
(3867, NULL, NULL, 100, b'0', 973, 154),
(3868, NULL, NULL, 100, b'0', 974, 154),
(3869, NULL, NULL, 100, b'0', 975, 154),
(3870, NULL, NULL, 100, b'0', 976, 154),
(3871, NULL, NULL, 90, b'0', 960, 155),
(3872, NULL, NULL, 90, b'0', 961, 155),
(3873, NULL, NULL, 90, b'0', 962, 155),
(3874, NULL, NULL, 90, b'0', 963, 155),
(3875, NULL, NULL, 90, b'0', 964, 155),
(3876, NULL, NULL, 90, b'0', 965, 155),
(3877, NULL, NULL, 90, b'0', 966, 155),
(3878, NULL, NULL, 90, b'0', 967, 155),
(3879, NULL, NULL, 90, b'0', 968, 155),
(3880, NULL, NULL, 90, b'0', 969, 155),
(3881, NULL, NULL, 90, b'0', 970, 155),
(3882, NULL, NULL, 90, b'0', 971, 155),
(3883, NULL, NULL, 90, b'0', 972, 155),
(3884, NULL, NULL, 90, b'0', 973, 155),
(3885, NULL, NULL, 90, b'0', 974, 155),
(3886, NULL, NULL, 90, b'0', 975, 155),
(3887, NULL, NULL, 90, b'0', 976, 155),
(3888, NULL, NULL, 90, b'0', 960, 156),
(3889, NULL, NULL, 90, b'0', 961, 156),
(3890, NULL, NULL, 90, b'0', 962, 156),
(3891, NULL, NULL, 90, b'0', 963, 156),
(3892, NULL, NULL, 90, b'0', 964, 156),
(3893, NULL, NULL, 90, b'0', 965, 156),
(3894, NULL, NULL, 90, b'0', 966, 156),
(3895, NULL, NULL, 90, b'0', 967, 156),
(3896, NULL, NULL, 90, b'0', 968, 156),
(3897, NULL, NULL, 90, b'0', 969, 156),
(3898, NULL, NULL, 90, b'0', 970, 156),
(3899, NULL, NULL, 90, b'0', 971, 156),
(3900, NULL, NULL, 90, b'0', 972, 156),
(3901, NULL, NULL, 90, b'0', 973, 156),
(3902, NULL, NULL, 90, b'0', 974, 156),
(3903, NULL, NULL, 90, b'0', 975, 156),
(3904, NULL, NULL, 90, b'0', 976, 156),
(3905, NULL, NULL, 70, b'0', 977, 157),
(3906, NULL, NULL, 70, b'0', 978, 157),
(3907, NULL, NULL, 70, b'0', 979, 157),
(3908, NULL, NULL, 70, b'0', 980, 157),
(3909, NULL, NULL, 70, b'0', 981, 157),
(3910, NULL, NULL, 70, b'0', 982, 157),
(3911, NULL, NULL, 70, b'0', 983, 157),
(3912, NULL, NULL, 70, b'0', 984, 157),
(3913, NULL, NULL, 70, b'0', 985, 157),
(3914, NULL, NULL, 70, b'0', 986, 157),
(3915, NULL, NULL, 70, b'0', 987, 157),
(3916, NULL, NULL, 70, b'0', 988, 157),
(3917, NULL, NULL, 70, b'0', 989, 157),
(3918, NULL, NULL, 70, b'0', 990, 157),
(3919, NULL, NULL, 70, b'0', 991, 157),
(3920, NULL, NULL, 70, b'0', 992, 157),
(3921, NULL, NULL, 70, b'0', 993, 157),
(3922, NULL, NULL, 70, b'0', 994, 157),
(3923, NULL, NULL, 70, b'0', 995, 157),
(3924, NULL, NULL, 70, b'0', 996, 157),
(3925, NULL, NULL, 90, b'0', 977, 158),
(3926, NULL, NULL, 90, b'0', 978, 158),
(3927, NULL, NULL, 90, b'0', 979, 158),
(3928, NULL, NULL, 90, b'0', 980, 158),
(3929, NULL, NULL, 90, b'0', 981, 158),
(3930, NULL, NULL, 90, b'0', 982, 158),
(3931, NULL, NULL, 90, b'0', 983, 158),
(3932, NULL, NULL, 90, b'0', 984, 158),
(3933, NULL, NULL, 90, b'0', 985, 158),
(3934, NULL, NULL, 90, b'0', 986, 158),
(3935, NULL, NULL, 90, b'0', 987, 158),
(3936, NULL, NULL, 90, b'0', 988, 158),
(3937, NULL, NULL, 90, b'0', 989, 158),
(3938, NULL, NULL, 90, b'0', 990, 158),
(3939, NULL, NULL, 90, b'0', 991, 158),
(3940, NULL, NULL, 90, b'0', 992, 158),
(3941, NULL, NULL, 90, b'0', 993, 158),
(3942, NULL, NULL, 90, b'0', 994, 158),
(3943, NULL, NULL, 90, b'0', 995, 158),
(3944, NULL, NULL, 90, b'0', 996, 158),
(3945, NULL, NULL, 30, b'0', 977, 159),
(3946, NULL, NULL, 30, b'0', 978, 159),
(3947, NULL, NULL, 30, b'0', 979, 159),
(3948, NULL, NULL, 30, b'0', 980, 159),
(3949, NULL, NULL, 30, b'0', 981, 159),
(3950, NULL, NULL, 30, b'0', 982, 159),
(3951, NULL, NULL, 30, b'0', 983, 159),
(3952, NULL, NULL, 30, b'0', 984, 159),
(3953, NULL, NULL, 30, b'0', 985, 159),
(3954, NULL, NULL, 30, b'0', 986, 159),
(3955, NULL, NULL, 30, b'0', 987, 159),
(3956, NULL, NULL, 30, b'0', 988, 159),
(3957, NULL, NULL, 30, b'0', 989, 159),
(3958, NULL, NULL, 30, b'0', 990, 159),
(3959, NULL, NULL, 30, b'0', 991, 159),
(3960, NULL, NULL, 30, b'0', 992, 159),
(3961, NULL, NULL, 30, b'0', 993, 159),
(3962, NULL, NULL, 30, b'0', 994, 159),
(3963, NULL, NULL, 30, b'0', 995, 159),
(3964, NULL, NULL, 30, b'0', 996, 159),
(3965, NULL, NULL, 70, b'0', 977, 160),
(3966, NULL, NULL, 70, b'0', 978, 160),
(3967, NULL, NULL, 70, b'0', 979, 160),
(3968, NULL, NULL, 70, b'0', 980, 160),
(3969, NULL, NULL, 70, b'0', 981, 160),
(3970, NULL, NULL, 70, b'0', 982, 160),
(3971, NULL, NULL, 70, b'0', 983, 160),
(3972, NULL, NULL, 70, b'0', 984, 160),
(3973, NULL, NULL, 70, b'0', 985, 160),
(3974, NULL, NULL, 70, b'0', 986, 160),
(3975, NULL, NULL, 70, b'0', 987, 160),
(3976, NULL, NULL, 70, b'0', 988, 160),
(3977, NULL, NULL, 70, b'0', 989, 160),
(3978, NULL, NULL, 70, b'0', 990, 160),
(3979, NULL, NULL, 70, b'0', 991, 160),
(3980, NULL, NULL, 70, b'0', 992, 160),
(3981, NULL, NULL, 70, b'0', 993, 160),
(3982, NULL, NULL, 70, b'0', 994, 160),
(3983, NULL, NULL, 70, b'0', 995, 160),
(3984, NULL, NULL, 70, b'0', 996, 160),
(3985, NULL, NULL, 30, b'0', 997, 161),
(3986, NULL, NULL, 30, b'0', 998, 161),
(3987, NULL, NULL, 30, b'0', 999, 161),
(3988, NULL, NULL, 30, b'0', 1000, 161),
(3989, NULL, NULL, 30, b'0', 1001, 161),
(3990, NULL, NULL, 30, b'0', 1002, 161),
(3991, NULL, NULL, 30, b'0', 1003, 161),
(3992, NULL, NULL, 30, b'0', 1004, 161),
(3993, NULL, NULL, 30, b'0', 1005, 161),
(3994, NULL, NULL, 30, b'0', 1006, 161),
(3995, NULL, NULL, 30, b'0', 1007, 161),
(3996, NULL, NULL, 30, b'0', 1008, 161),
(3997, NULL, NULL, 30, b'0', 1009, 161),
(3998, NULL, NULL, 30, b'0', 1010, 161),
(3999, NULL, NULL, 30, b'0', 1011, 161),
(4000, NULL, NULL, 30, b'0', 1012, 161),
(4001, NULL, NULL, 30, b'0', 1013, 161),
(4002, NULL, NULL, 30, b'0', 1014, 161),
(4003, NULL, NULL, 30, b'0', 1015, 161),
(4004, NULL, NULL, 30, b'0', 1016, 161),
(4005, NULL, NULL, 30, b'0', 1017, 161),
(4006, NULL, NULL, 100, b'0', 997, 162),
(4007, NULL, NULL, 100, b'0', 998, 162),
(4008, NULL, NULL, 100, b'0', 999, 162),
(4009, NULL, NULL, 100, b'0', 1000, 162),
(4010, NULL, NULL, 100, b'0', 1001, 162),
(4011, NULL, NULL, 100, b'0', 1002, 162),
(4012, NULL, NULL, 100, b'0', 1003, 162),
(4013, NULL, NULL, 100, b'0', 1004, 162),
(4014, NULL, NULL, 100, b'0', 1005, 162),
(4015, NULL, NULL, 100, b'0', 1006, 162),
(4016, NULL, NULL, 100, b'0', 1007, 162),
(4017, NULL, NULL, 100, b'0', 1008, 162),
(4018, NULL, NULL, 100, b'0', 1009, 162),
(4019, NULL, NULL, 100, b'0', 1010, 162),
(4020, NULL, NULL, 100, b'0', 1011, 162),
(4021, NULL, NULL, 100, b'0', 1012, 162),
(4022, NULL, NULL, 100, b'0', 1013, 162),
(4023, NULL, NULL, 100, b'0', 1014, 162),
(4024, NULL, NULL, 100, b'0', 1015, 162),
(4025, NULL, NULL, 100, b'0', 1016, 162),
(4026, NULL, NULL, 100, b'0', 1017, 162),
(4027, NULL, NULL, 50, b'0', 997, 163),
(4028, NULL, NULL, 50, b'0', 998, 163),
(4029, NULL, NULL, 50, b'0', 999, 163);
INSERT INTO `ticket` (`id`, `code_payement`, `nom_client`, `prix`, `reserve`, `place_id`, `projection_id`) VALUES
(4030, NULL, NULL, 50, b'0', 1000, 163),
(4031, NULL, NULL, 50, b'0', 1001, 163),
(4032, NULL, NULL, 50, b'0', 1002, 163),
(4033, NULL, NULL, 50, b'0', 1003, 163),
(4034, NULL, NULL, 50, b'0', 1004, 163),
(4035, NULL, NULL, 50, b'0', 1005, 163),
(4036, NULL, NULL, 50, b'0', 1006, 163),
(4037, NULL, NULL, 50, b'0', 1007, 163),
(4038, NULL, NULL, 50, b'0', 1008, 163),
(4039, NULL, NULL, 50, b'0', 1009, 163),
(4040, NULL, NULL, 50, b'0', 1010, 163),
(4041, NULL, NULL, 50, b'0', 1011, 163),
(4042, NULL, NULL, 50, b'0', 1012, 163),
(4043, NULL, NULL, 50, b'0', 1013, 163),
(4044, NULL, NULL, 50, b'0', 1014, 163),
(4045, NULL, NULL, 50, b'0', 1015, 163),
(4046, NULL, NULL, 50, b'0', 1016, 163),
(4047, NULL, NULL, 50, b'0', 1017, 163),
(4048, NULL, NULL, 30, b'0', 997, 164),
(4049, NULL, NULL, 30, b'0', 998, 164),
(4050, NULL, NULL, 30, b'0', 999, 164),
(4051, NULL, NULL, 30, b'0', 1000, 164),
(4052, NULL, NULL, 30, b'0', 1001, 164),
(4053, NULL, NULL, 30, b'0', 1002, 164),
(4054, NULL, NULL, 30, b'0', 1003, 164),
(4055, NULL, NULL, 30, b'0', 1004, 164),
(4056, NULL, NULL, 30, b'0', 1005, 164),
(4057, NULL, NULL, 30, b'0', 1006, 164),
(4058, NULL, NULL, 30, b'0', 1007, 164),
(4059, NULL, NULL, 30, b'0', 1008, 164),
(4060, NULL, NULL, 30, b'0', 1009, 164),
(4061, NULL, NULL, 30, b'0', 1010, 164),
(4062, NULL, NULL, 30, b'0', 1011, 164),
(4063, NULL, NULL, 30, b'0', 1012, 164),
(4064, NULL, NULL, 30, b'0', 1013, 164),
(4065, NULL, NULL, 30, b'0', 1014, 164),
(4066, NULL, NULL, 30, b'0', 1015, 164),
(4067, NULL, NULL, 30, b'0', 1016, 164),
(4068, NULL, NULL, 30, b'0', 1017, 164),
(4069, NULL, NULL, 70, b'0', 1018, 165),
(4070, NULL, NULL, 70, b'0', 1019, 165),
(4071, NULL, NULL, 70, b'0', 1020, 165),
(4072, NULL, NULL, 70, b'0', 1021, 165),
(4073, NULL, NULL, 70, b'0', 1022, 165),
(4074, NULL, NULL, 70, b'0', 1023, 165),
(4075, NULL, NULL, 70, b'0', 1024, 165),
(4076, NULL, NULL, 70, b'0', 1025, 165),
(4077, NULL, NULL, 70, b'0', 1026, 165),
(4078, NULL, NULL, 70, b'0', 1027, 165),
(4079, NULL, NULL, 70, b'0', 1028, 165),
(4080, NULL, NULL, 70, b'0', 1029, 165),
(4081, NULL, NULL, 70, b'0', 1030, 165),
(4082, NULL, NULL, 70, b'0', 1031, 165),
(4083, NULL, NULL, 70, b'0', 1032, 165),
(4084, NULL, NULL, 70, b'0', 1033, 165),
(4085, NULL, NULL, 70, b'0', 1034, 165),
(4086, NULL, NULL, 70, b'0', 1035, 165),
(4087, NULL, NULL, 70, b'0', 1036, 165),
(4088, NULL, NULL, 70, b'0', 1037, 165),
(4089, NULL, NULL, 70, b'0', 1038, 165),
(4090, NULL, NULL, 70, b'0', 1039, 165),
(4091, NULL, NULL, 70, b'0', 1040, 165),
(4092, NULL, NULL, 30, b'0', 1018, 166),
(4093, NULL, NULL, 30, b'0', 1019, 166),
(4094, NULL, NULL, 30, b'0', 1020, 166),
(4095, NULL, NULL, 30, b'0', 1021, 166),
(4096, NULL, NULL, 30, b'0', 1022, 166),
(4097, NULL, NULL, 30, b'0', 1023, 166),
(4098, NULL, NULL, 30, b'0', 1024, 166),
(4099, NULL, NULL, 30, b'0', 1025, 166),
(4100, NULL, NULL, 30, b'0', 1026, 166),
(4101, NULL, NULL, 30, b'0', 1027, 166),
(4102, NULL, NULL, 30, b'0', 1028, 166),
(4103, NULL, NULL, 30, b'0', 1029, 166),
(4104, NULL, NULL, 30, b'0', 1030, 166),
(4105, NULL, NULL, 30, b'0', 1031, 166),
(4106, NULL, NULL, 30, b'0', 1032, 166),
(4107, NULL, NULL, 30, b'0', 1033, 166),
(4108, NULL, NULL, 30, b'0', 1034, 166),
(4109, NULL, NULL, 30, b'0', 1035, 166),
(4110, NULL, NULL, 30, b'0', 1036, 166),
(4111, NULL, NULL, 30, b'0', 1037, 166),
(4112, NULL, NULL, 30, b'0', 1038, 166),
(4113, NULL, NULL, 30, b'0', 1039, 166),
(4114, NULL, NULL, 30, b'0', 1040, 166),
(4115, NULL, NULL, 30, b'0', 1018, 167),
(4116, NULL, NULL, 30, b'0', 1019, 167),
(4117, NULL, NULL, 30, b'0', 1020, 167),
(4118, NULL, NULL, 30, b'0', 1021, 167),
(4119, NULL, NULL, 30, b'0', 1022, 167),
(4120, NULL, NULL, 30, b'0', 1023, 167),
(4121, NULL, NULL, 30, b'0', 1024, 167),
(4122, NULL, NULL, 30, b'0', 1025, 167),
(4123, NULL, NULL, 30, b'0', 1026, 167),
(4124, NULL, NULL, 30, b'0', 1027, 167),
(4125, NULL, NULL, 30, b'0', 1028, 167),
(4126, NULL, NULL, 30, b'0', 1029, 167),
(4127, NULL, NULL, 30, b'0', 1030, 167),
(4128, NULL, NULL, 30, b'0', 1031, 167),
(4129, NULL, NULL, 30, b'0', 1032, 167),
(4130, NULL, NULL, 30, b'0', 1033, 167),
(4131, NULL, NULL, 30, b'0', 1034, 167),
(4132, NULL, NULL, 30, b'0', 1035, 167),
(4133, NULL, NULL, 30, b'0', 1036, 167),
(4134, NULL, NULL, 30, b'0', 1037, 167),
(4135, NULL, NULL, 30, b'0', 1038, 167),
(4136, NULL, NULL, 30, b'0', 1039, 167),
(4137, NULL, NULL, 30, b'0', 1040, 167),
(4138, NULL, NULL, 100, b'0', 1018, 168),
(4139, NULL, NULL, 100, b'0', 1019, 168),
(4140, NULL, NULL, 100, b'0', 1020, 168),
(4141, NULL, NULL, 100, b'0', 1021, 168),
(4142, NULL, NULL, 100, b'0', 1022, 168),
(4143, NULL, NULL, 100, b'0', 1023, 168),
(4144, NULL, NULL, 100, b'0', 1024, 168),
(4145, NULL, NULL, 100, b'0', 1025, 168),
(4146, NULL, NULL, 100, b'0', 1026, 168),
(4147, NULL, NULL, 100, b'0', 1027, 168),
(4148, NULL, NULL, 100, b'0', 1028, 168),
(4149, NULL, NULL, 100, b'0', 1029, 168),
(4150, NULL, NULL, 100, b'0', 1030, 168),
(4151, NULL, NULL, 100, b'0', 1031, 168),
(4152, NULL, NULL, 100, b'0', 1032, 168),
(4153, NULL, NULL, 100, b'0', 1033, 168),
(4154, NULL, NULL, 100, b'0', 1034, 168),
(4155, NULL, NULL, 100, b'0', 1035, 168),
(4156, NULL, NULL, 100, b'0', 1036, 168),
(4157, NULL, NULL, 100, b'0', 1037, 168),
(4158, NULL, NULL, 100, b'0', 1038, 168),
(4159, NULL, NULL, 100, b'0', 1039, 168),
(4160, NULL, NULL, 100, b'0', 1040, 168),
(4161, NULL, NULL, 30, b'0', 1041, 169),
(4162, NULL, NULL, 30, b'0', 1042, 169),
(4163, NULL, NULL, 30, b'0', 1043, 169),
(4164, NULL, NULL, 30, b'0', 1044, 169),
(4165, NULL, NULL, 30, b'0', 1045, 169),
(4166, NULL, NULL, 30, b'0', 1046, 169),
(4167, NULL, NULL, 30, b'0', 1047, 169),
(4168, NULL, NULL, 30, b'0', 1048, 169),
(4169, NULL, NULL, 30, b'0', 1049, 169),
(4170, NULL, NULL, 30, b'0', 1050, 169),
(4171, NULL, NULL, 30, b'0', 1051, 169),
(4172, NULL, NULL, 30, b'0', 1052, 169),
(4173, NULL, NULL, 30, b'0', 1053, 169),
(4174, NULL, NULL, 30, b'0', 1054, 169),
(4175, NULL, NULL, 30, b'0', 1055, 169),
(4176, NULL, NULL, 30, b'0', 1056, 169),
(4177, NULL, NULL, 30, b'0', 1057, 169),
(4178, NULL, NULL, 30, b'0', 1058, 169),
(4179, NULL, NULL, 30, b'0', 1059, 169),
(4180, NULL, NULL, 30, b'0', 1060, 169),
(4181, NULL, NULL, 30, b'0', 1061, 169),
(4182, NULL, NULL, 30, b'0', 1062, 169),
(4183, NULL, NULL, 30, b'0', 1063, 169),
(4184, NULL, NULL, 30, b'0', 1064, 169),
(4185, NULL, NULL, 30, b'0', 1065, 169),
(4186, NULL, NULL, 30, b'0', 1066, 169),
(4187, NULL, NULL, 50, b'0', 1041, 170),
(4188, NULL, NULL, 50, b'0', 1042, 170),
(4189, NULL, NULL, 50, b'0', 1043, 170),
(4190, NULL, NULL, 50, b'0', 1044, 170),
(4191, NULL, NULL, 50, b'0', 1045, 170),
(4192, NULL, NULL, 50, b'0', 1046, 170),
(4193, NULL, NULL, 50, b'0', 1047, 170),
(4194, NULL, NULL, 50, b'0', 1048, 170),
(4195, NULL, NULL, 50, b'0', 1049, 170),
(4196, NULL, NULL, 50, b'0', 1050, 170),
(4197, NULL, NULL, 50, b'0', 1051, 170),
(4198, NULL, NULL, 50, b'0', 1052, 170),
(4199, NULL, NULL, 50, b'0', 1053, 170),
(4200, NULL, NULL, 50, b'0', 1054, 170),
(4201, NULL, NULL, 50, b'0', 1055, 170),
(4202, NULL, NULL, 50, b'0', 1056, 170),
(4203, NULL, NULL, 50, b'0', 1057, 170),
(4204, NULL, NULL, 50, b'0', 1058, 170),
(4205, NULL, NULL, 50, b'0', 1059, 170),
(4206, NULL, NULL, 50, b'0', 1060, 170),
(4207, NULL, NULL, 50, b'0', 1061, 170),
(4208, NULL, NULL, 50, b'0', 1062, 170),
(4209, NULL, NULL, 50, b'0', 1063, 170),
(4210, NULL, NULL, 50, b'0', 1064, 170),
(4211, NULL, NULL, 50, b'0', 1065, 170),
(4212, NULL, NULL, 50, b'0', 1066, 170),
(4213, NULL, NULL, 70, b'0', 1041, 171),
(4214, NULL, NULL, 70, b'0', 1042, 171),
(4215, NULL, NULL, 70, b'0', 1043, 171),
(4216, NULL, NULL, 70, b'0', 1044, 171),
(4217, NULL, NULL, 70, b'0', 1045, 171),
(4218, NULL, NULL, 70, b'0', 1046, 171),
(4219, NULL, NULL, 70, b'0', 1047, 171),
(4220, NULL, NULL, 70, b'0', 1048, 171),
(4221, NULL, NULL, 70, b'0', 1049, 171),
(4222, NULL, NULL, 70, b'0', 1050, 171),
(4223, NULL, NULL, 70, b'0', 1051, 171),
(4224, NULL, NULL, 70, b'0', 1052, 171),
(4225, NULL, NULL, 70, b'0', 1053, 171),
(4226, NULL, NULL, 70, b'0', 1054, 171),
(4227, NULL, NULL, 70, b'0', 1055, 171),
(4228, NULL, NULL, 70, b'0', 1056, 171),
(4229, NULL, NULL, 70, b'0', 1057, 171),
(4230, NULL, NULL, 70, b'0', 1058, 171),
(4231, NULL, NULL, 70, b'0', 1059, 171),
(4232, NULL, NULL, 70, b'0', 1060, 171),
(4233, NULL, NULL, 70, b'0', 1061, 171),
(4234, NULL, NULL, 70, b'0', 1062, 171),
(4235, NULL, NULL, 70, b'0', 1063, 171),
(4236, NULL, NULL, 70, b'0', 1064, 171),
(4237, NULL, NULL, 70, b'0', 1065, 171),
(4238, NULL, NULL, 70, b'0', 1066, 171),
(4239, NULL, NULL, 70, b'0', 1041, 172),
(4240, NULL, NULL, 70, b'0', 1042, 172),
(4241, NULL, NULL, 70, b'0', 1043, 172),
(4242, NULL, NULL, 70, b'0', 1044, 172),
(4243, NULL, NULL, 70, b'0', 1045, 172),
(4244, NULL, NULL, 70, b'0', 1046, 172),
(4245, NULL, NULL, 70, b'0', 1047, 172),
(4246, NULL, NULL, 70, b'0', 1048, 172),
(4247, NULL, NULL, 70, b'0', 1049, 172),
(4248, NULL, NULL, 70, b'0', 1050, 172),
(4249, NULL, NULL, 70, b'0', 1051, 172),
(4250, NULL, NULL, 70, b'0', 1052, 172),
(4251, NULL, NULL, 70, b'0', 1053, 172),
(4252, NULL, NULL, 70, b'0', 1054, 172),
(4253, NULL, NULL, 70, b'0', 1055, 172),
(4254, NULL, NULL, 70, b'0', 1056, 172),
(4255, NULL, NULL, 70, b'0', 1057, 172),
(4256, NULL, NULL, 70, b'0', 1058, 172),
(4257, NULL, NULL, 70, b'0', 1059, 172),
(4258, NULL, NULL, 70, b'0', 1060, 172),
(4259, NULL, NULL, 70, b'0', 1061, 172),
(4260, NULL, NULL, 70, b'0', 1062, 172),
(4261, NULL, NULL, 70, b'0', 1063, 172),
(4262, NULL, NULL, 70, b'0', 1064, 172),
(4263, NULL, NULL, 70, b'0', 1065, 172),
(4264, NULL, NULL, 70, b'0', 1066, 172),
(4265, NULL, NULL, 30, b'0', 1067, 173),
(4266, NULL, NULL, 30, b'0', 1068, 173),
(4267, NULL, NULL, 30, b'0', 1069, 173),
(4268, NULL, NULL, 30, b'0', 1070, 173),
(4269, NULL, NULL, 30, b'0', 1071, 173),
(4270, NULL, NULL, 30, b'0', 1072, 173),
(4271, NULL, NULL, 30, b'0', 1073, 173),
(4272, NULL, NULL, 30, b'0', 1074, 173),
(4273, NULL, NULL, 30, b'0', 1075, 173),
(4274, NULL, NULL, 30, b'0', 1076, 173),
(4275, NULL, NULL, 30, b'0', 1077, 173),
(4276, NULL, NULL, 30, b'0', 1078, 173),
(4277, NULL, NULL, 30, b'0', 1079, 173),
(4278, NULL, NULL, 30, b'0', 1080, 173),
(4279, NULL, NULL, 30, b'0', 1081, 173),
(4280, NULL, NULL, 30, b'0', 1082, 173),
(4281, NULL, NULL, 30, b'0', 1083, 173),
(4282, NULL, NULL, 30, b'0', 1084, 173),
(4283, NULL, NULL, 30, b'0', 1085, 173),
(4284, NULL, NULL, 30, b'0', 1086, 173),
(4285, NULL, NULL, 30, b'0', 1087, 173),
(4286, NULL, NULL, 30, b'0', 1088, 173),
(4287, NULL, NULL, 30, b'0', 1089, 173),
(4288, NULL, NULL, 30, b'0', 1090, 173),
(4289, NULL, NULL, 30, b'0', 1091, 173),
(4290, NULL, NULL, 30, b'0', 1092, 173),
(4291, NULL, NULL, 30, b'0', 1067, 174),
(4292, NULL, NULL, 30, b'0', 1068, 174),
(4293, NULL, NULL, 30, b'0', 1069, 174),
(4294, NULL, NULL, 30, b'0', 1070, 174),
(4295, NULL, NULL, 30, b'0', 1071, 174),
(4296, NULL, NULL, 30, b'0', 1072, 174),
(4297, NULL, NULL, 30, b'0', 1073, 174),
(4298, NULL, NULL, 30, b'0', 1074, 174),
(4299, NULL, NULL, 30, b'0', 1075, 174),
(4300, NULL, NULL, 30, b'0', 1076, 174),
(4301, NULL, NULL, 30, b'0', 1077, 174),
(4302, NULL, NULL, 30, b'0', 1078, 174),
(4303, NULL, NULL, 30, b'0', 1079, 174),
(4304, NULL, NULL, 30, b'0', 1080, 174),
(4305, NULL, NULL, 30, b'0', 1081, 174),
(4306, NULL, NULL, 30, b'0', 1082, 174),
(4307, NULL, NULL, 30, b'0', 1083, 174),
(4308, NULL, NULL, 30, b'0', 1084, 174),
(4309, NULL, NULL, 30, b'0', 1085, 174),
(4310, NULL, NULL, 30, b'0', 1086, 174),
(4311, NULL, NULL, 30, b'0', 1087, 174),
(4312, NULL, NULL, 30, b'0', 1088, 174),
(4313, NULL, NULL, 30, b'0', 1089, 174),
(4314, NULL, NULL, 30, b'0', 1090, 174),
(4315, NULL, NULL, 30, b'0', 1091, 174),
(4316, NULL, NULL, 30, b'0', 1092, 174),
(4317, NULL, NULL, 70, b'0', 1067, 175),
(4318, NULL, NULL, 70, b'0', 1068, 175),
(4319, NULL, NULL, 70, b'0', 1069, 175),
(4320, NULL, NULL, 70, b'0', 1070, 175),
(4321, NULL, NULL, 70, b'0', 1071, 175),
(4322, NULL, NULL, 70, b'0', 1072, 175),
(4323, NULL, NULL, 70, b'0', 1073, 175),
(4324, NULL, NULL, 70, b'0', 1074, 175),
(4325, NULL, NULL, 70, b'0', 1075, 175),
(4326, NULL, NULL, 70, b'0', 1076, 175),
(4327, NULL, NULL, 70, b'0', 1077, 175),
(4328, NULL, NULL, 70, b'0', 1078, 175),
(4329, NULL, NULL, 70, b'0', 1079, 175),
(4330, NULL, NULL, 70, b'0', 1080, 175),
(4331, NULL, NULL, 70, b'0', 1081, 175),
(4332, NULL, NULL, 70, b'0', 1082, 175),
(4333, NULL, NULL, 70, b'0', 1083, 175),
(4334, NULL, NULL, 70, b'0', 1084, 175),
(4335, NULL, NULL, 70, b'0', 1085, 175),
(4336, NULL, NULL, 70, b'0', 1086, 175),
(4337, NULL, NULL, 70, b'0', 1087, 175),
(4338, NULL, NULL, 70, b'0', 1088, 175),
(4339, NULL, NULL, 70, b'0', 1089, 175),
(4340, NULL, NULL, 70, b'0', 1090, 175),
(4341, NULL, NULL, 70, b'0', 1091, 175),
(4342, NULL, NULL, 70, b'0', 1092, 175),
(4343, NULL, NULL, 90, b'0', 1067, 176),
(4344, NULL, NULL, 90, b'0', 1068, 176),
(4345, NULL, NULL, 90, b'0', 1069, 176),
(4346, NULL, NULL, 90, b'0', 1070, 176),
(4347, NULL, NULL, 90, b'0', 1071, 176),
(4348, NULL, NULL, 90, b'0', 1072, 176),
(4349, NULL, NULL, 90, b'0', 1073, 176),
(4350, NULL, NULL, 90, b'0', 1074, 176),
(4351, NULL, NULL, 90, b'0', 1075, 176),
(4352, NULL, NULL, 90, b'0', 1076, 176),
(4353, NULL, NULL, 90, b'0', 1077, 176),
(4354, NULL, NULL, 90, b'0', 1078, 176),
(4355, NULL, NULL, 90, b'0', 1079, 176),
(4356, NULL, NULL, 90, b'0', 1080, 176),
(4357, NULL, NULL, 90, b'0', 1081, 176),
(4358, NULL, NULL, 90, b'0', 1082, 176),
(4359, NULL, NULL, 90, b'0', 1083, 176),
(4360, NULL, NULL, 90, b'0', 1084, 176),
(4361, NULL, NULL, 90, b'0', 1085, 176),
(4362, NULL, NULL, 90, b'0', 1086, 176),
(4363, NULL, NULL, 90, b'0', 1087, 176),
(4364, NULL, NULL, 90, b'0', 1088, 176),
(4365, NULL, NULL, 90, b'0', 1089, 176),
(4366, NULL, NULL, 90, b'0', 1090, 176),
(4367, NULL, NULL, 90, b'0', 1091, 176),
(4368, NULL, NULL, 90, b'0', 1092, 176),
(4369, NULL, NULL, 70, b'0', 1093, 177),
(4370, NULL, NULL, 70, b'0', 1094, 177),
(4371, NULL, NULL, 70, b'0', 1095, 177),
(4372, NULL, NULL, 70, b'0', 1096, 177),
(4373, NULL, NULL, 70, b'0', 1097, 177),
(4374, NULL, NULL, 70, b'0', 1098, 177),
(4375, NULL, NULL, 70, b'0', 1099, 177),
(4376, NULL, NULL, 70, b'0', 1100, 177),
(4377, NULL, NULL, 70, b'0', 1101, 177),
(4378, NULL, NULL, 70, b'0', 1102, 177),
(4379, NULL, NULL, 70, b'0', 1103, 177),
(4380, NULL, NULL, 70, b'0', 1104, 177),
(4381, NULL, NULL, 70, b'0', 1105, 177),
(4382, NULL, NULL, 70, b'0', 1106, 177),
(4383, NULL, NULL, 70, b'0', 1107, 177),
(4384, NULL, NULL, 70, b'0', 1108, 177),
(4385, NULL, NULL, 70, b'0', 1109, 177),
(4386, NULL, NULL, 70, b'0', 1110, 177),
(4387, NULL, NULL, 70, b'0', 1111, 177),
(4388, NULL, NULL, 70, b'0', 1112, 177),
(4389, NULL, NULL, 70, b'0', 1113, 177),
(4390, NULL, NULL, 70, b'0', 1114, 177),
(4391, NULL, NULL, 70, b'0', 1115, 177),
(4392, NULL, NULL, 70, b'0', 1116, 177),
(4393, NULL, NULL, 70, b'0', 1117, 177),
(4394, NULL, NULL, 70, b'0', 1093, 178),
(4395, NULL, NULL, 70, b'0', 1094, 178),
(4396, NULL, NULL, 70, b'0', 1095, 178),
(4397, NULL, NULL, 70, b'0', 1096, 178),
(4398, NULL, NULL, 70, b'0', 1097, 178),
(4399, NULL, NULL, 70, b'0', 1098, 178),
(4400, NULL, NULL, 70, b'0', 1099, 178),
(4401, NULL, NULL, 70, b'0', 1100, 178),
(4402, NULL, NULL, 70, b'0', 1101, 178),
(4403, NULL, NULL, 70, b'0', 1102, 178),
(4404, NULL, NULL, 70, b'0', 1103, 178),
(4405, NULL, NULL, 70, b'0', 1104, 178),
(4406, NULL, NULL, 70, b'0', 1105, 178),
(4407, NULL, NULL, 70, b'0', 1106, 178),
(4408, NULL, NULL, 70, b'0', 1107, 178),
(4409, NULL, NULL, 70, b'0', 1108, 178),
(4410, NULL, NULL, 70, b'0', 1109, 178),
(4411, NULL, NULL, 70, b'0', 1110, 178),
(4412, NULL, NULL, 70, b'0', 1111, 178),
(4413, NULL, NULL, 70, b'0', 1112, 178),
(4414, NULL, NULL, 70, b'0', 1113, 178),
(4415, NULL, NULL, 70, b'0', 1114, 178),
(4416, NULL, NULL, 70, b'0', 1115, 178),
(4417, NULL, NULL, 70, b'0', 1116, 178),
(4418, NULL, NULL, 70, b'0', 1117, 178),
(4419, NULL, NULL, 30, b'0', 1093, 179),
(4420, NULL, NULL, 30, b'0', 1094, 179),
(4421, NULL, NULL, 30, b'0', 1095, 179),
(4422, NULL, NULL, 30, b'0', 1096, 179),
(4423, NULL, NULL, 30, b'0', 1097, 179),
(4424, NULL, NULL, 30, b'0', 1098, 179),
(4425, NULL, NULL, 30, b'0', 1099, 179),
(4426, NULL, NULL, 30, b'0', 1100, 179),
(4427, NULL, NULL, 30, b'0', 1101, 179),
(4428, NULL, NULL, 30, b'0', 1102, 179),
(4429, NULL, NULL, 30, b'0', 1103, 179),
(4430, NULL, NULL, 30, b'0', 1104, 179),
(4431, NULL, NULL, 30, b'0', 1105, 179),
(4432, NULL, NULL, 30, b'0', 1106, 179),
(4433, NULL, NULL, 30, b'0', 1107, 179),
(4434, NULL, NULL, 30, b'0', 1108, 179),
(4435, NULL, NULL, 30, b'0', 1109, 179),
(4436, NULL, NULL, 30, b'0', 1110, 179),
(4437, NULL, NULL, 30, b'0', 1111, 179),
(4438, NULL, NULL, 30, b'0', 1112, 179),
(4439, NULL, NULL, 30, b'0', 1113, 179),
(4440, NULL, NULL, 30, b'0', 1114, 179),
(4441, NULL, NULL, 30, b'0', 1115, 179),
(4442, NULL, NULL, 30, b'0', 1116, 179),
(4443, NULL, NULL, 30, b'0', 1117, 179),
(4444, NULL, NULL, 50, b'0', 1093, 180),
(4445, NULL, NULL, 50, b'0', 1094, 180),
(4446, NULL, NULL, 50, b'0', 1095, 180),
(4447, NULL, NULL, 50, b'0', 1096, 180),
(4448, NULL, NULL, 50, b'0', 1097, 180),
(4449, NULL, NULL, 50, b'0', 1098, 180),
(4450, NULL, NULL, 50, b'0', 1099, 180),
(4451, NULL, NULL, 50, b'0', 1100, 180),
(4452, NULL, NULL, 50, b'0', 1101, 180),
(4453, NULL, NULL, 50, b'0', 1102, 180),
(4454, NULL, NULL, 50, b'0', 1103, 180),
(4455, NULL, NULL, 50, b'0', 1104, 180),
(4456, NULL, NULL, 50, b'0', 1105, 180),
(4457, NULL, NULL, 50, b'0', 1106, 180),
(4458, NULL, NULL, 50, b'0', 1107, 180),
(4459, NULL, NULL, 50, b'0', 1108, 180),
(4460, NULL, NULL, 50, b'0', 1109, 180),
(4461, NULL, NULL, 50, b'0', 1110, 180),
(4462, NULL, NULL, 50, b'0', 1111, 180),
(4463, NULL, NULL, 50, b'0', 1112, 180),
(4464, NULL, NULL, 50, b'0', 1113, 180),
(4465, NULL, NULL, 50, b'0', 1114, 180),
(4466, NULL, NULL, 50, b'0', 1115, 180),
(4467, NULL, NULL, 50, b'0', 1116, 180),
(4468, NULL, NULL, 50, b'0', 1117, 180),
(4469, NULL, NULL, 90, b'0', 1118, 181),
(4470, NULL, NULL, 90, b'0', 1119, 181),
(4471, NULL, NULL, 90, b'0', 1120, 181),
(4472, NULL, NULL, 90, b'0', 1121, 181),
(4473, NULL, NULL, 90, b'0', 1122, 181),
(4474, NULL, NULL, 90, b'0', 1123, 181),
(4475, NULL, NULL, 90, b'0', 1124, 181),
(4476, NULL, NULL, 90, b'0', 1125, 181),
(4477, NULL, NULL, 90, b'0', 1126, 181),
(4478, NULL, NULL, 90, b'0', 1127, 181),
(4479, NULL, NULL, 90, b'0', 1128, 181),
(4480, NULL, NULL, 90, b'0', 1129, 181),
(4481, NULL, NULL, 90, b'0', 1130, 181),
(4482, NULL, NULL, 90, b'0', 1131, 181),
(4483, NULL, NULL, 90, b'0', 1132, 181),
(4484, NULL, NULL, 90, b'0', 1133, 181),
(4485, NULL, NULL, 90, b'0', 1134, 181),
(4486, NULL, NULL, 90, b'0', 1135, 181),
(4487, NULL, NULL, 90, b'0', 1136, 181),
(4488, NULL, NULL, 90, b'0', 1137, 181),
(4489, NULL, NULL, 90, b'0', 1138, 181),
(4490, NULL, NULL, 90, b'0', 1139, 181),
(4491, NULL, NULL, 90, b'0', 1140, 181),
(4492, NULL, NULL, 90, b'0', 1141, 181),
(4493, NULL, NULL, 90, b'0', 1142, 181),
(4494, NULL, NULL, 90, b'0', 1143, 181),
(4495, NULL, NULL, 90, b'0', 1144, 181),
(4496, NULL, NULL, 90, b'0', 1145, 181),
(4497, NULL, NULL, 90, b'0', 1146, 181),
(4498, NULL, NULL, 90, b'0', 1147, 181),
(4499, NULL, NULL, 90, b'0', 1118, 182),
(4500, NULL, NULL, 90, b'0', 1119, 182),
(4501, NULL, NULL, 90, b'0', 1120, 182),
(4502, NULL, NULL, 90, b'0', 1121, 182),
(4503, NULL, NULL, 90, b'0', 1122, 182),
(4504, NULL, NULL, 90, b'0', 1123, 182),
(4505, NULL, NULL, 90, b'0', 1124, 182),
(4506, NULL, NULL, 90, b'0', 1125, 182),
(4507, NULL, NULL, 90, b'0', 1126, 182),
(4508, NULL, NULL, 90, b'0', 1127, 182),
(4509, NULL, NULL, 90, b'0', 1128, 182),
(4510, NULL, NULL, 90, b'0', 1129, 182),
(4511, NULL, NULL, 90, b'0', 1130, 182),
(4512, NULL, NULL, 90, b'0', 1131, 182),
(4513, NULL, NULL, 90, b'0', 1132, 182),
(4514, NULL, NULL, 90, b'0', 1133, 182),
(4515, NULL, NULL, 90, b'0', 1134, 182),
(4516, NULL, NULL, 90, b'0', 1135, 182),
(4517, NULL, NULL, 90, b'0', 1136, 182),
(4518, NULL, NULL, 90, b'0', 1137, 182),
(4519, NULL, NULL, 90, b'0', 1138, 182),
(4520, NULL, NULL, 90, b'0', 1139, 182),
(4521, NULL, NULL, 90, b'0', 1140, 182),
(4522, NULL, NULL, 90, b'0', 1141, 182),
(4523, NULL, NULL, 90, b'0', 1142, 182),
(4524, NULL, NULL, 90, b'0', 1143, 182),
(4525, NULL, NULL, 90, b'0', 1144, 182),
(4526, NULL, NULL, 90, b'0', 1145, 182),
(4527, NULL, NULL, 90, b'0', 1146, 182),
(4528, NULL, NULL, 90, b'0', 1147, 182),
(4529, NULL, NULL, 50, b'0', 1118, 183),
(4530, NULL, NULL, 50, b'0', 1119, 183),
(4531, NULL, NULL, 50, b'0', 1120, 183),
(4532, NULL, NULL, 50, b'0', 1121, 183),
(4533, NULL, NULL, 50, b'0', 1122, 183),
(4534, NULL, NULL, 50, b'0', 1123, 183),
(4535, NULL, NULL, 50, b'0', 1124, 183),
(4536, NULL, NULL, 50, b'0', 1125, 183),
(4537, NULL, NULL, 50, b'0', 1126, 183),
(4538, NULL, NULL, 50, b'0', 1127, 183),
(4539, NULL, NULL, 50, b'0', 1128, 183),
(4540, NULL, NULL, 50, b'0', 1129, 183),
(4541, NULL, NULL, 50, b'0', 1130, 183),
(4542, NULL, NULL, 50, b'0', 1131, 183),
(4543, NULL, NULL, 50, b'0', 1132, 183),
(4544, NULL, NULL, 50, b'0', 1133, 183),
(4545, NULL, NULL, 50, b'0', 1134, 183),
(4546, NULL, NULL, 50, b'0', 1135, 183),
(4547, NULL, NULL, 50, b'0', 1136, 183),
(4548, NULL, NULL, 50, b'0', 1137, 183),
(4549, NULL, NULL, 50, b'0', 1138, 183),
(4550, NULL, NULL, 50, b'0', 1139, 183),
(4551, NULL, NULL, 50, b'0', 1140, 183),
(4552, NULL, NULL, 50, b'0', 1141, 183),
(4553, NULL, NULL, 50, b'0', 1142, 183),
(4554, NULL, NULL, 50, b'0', 1143, 183),
(4555, NULL, NULL, 50, b'0', 1144, 183),
(4556, NULL, NULL, 50, b'0', 1145, 183),
(4557, NULL, NULL, 50, b'0', 1146, 183),
(4558, NULL, NULL, 50, b'0', 1147, 183),
(4559, NULL, NULL, 30, b'0', 1118, 184),
(4560, NULL, NULL, 30, b'0', 1119, 184),
(4561, NULL, NULL, 30, b'0', 1120, 184),
(4562, NULL, NULL, 30, b'0', 1121, 184),
(4563, NULL, NULL, 30, b'0', 1122, 184),
(4564, NULL, NULL, 30, b'0', 1123, 184),
(4565, NULL, NULL, 30, b'0', 1124, 184),
(4566, NULL, NULL, 30, b'0', 1125, 184),
(4567, NULL, NULL, 30, b'0', 1126, 184),
(4568, NULL, NULL, 30, b'0', 1127, 184),
(4569, NULL, NULL, 30, b'0', 1128, 184),
(4570, NULL, NULL, 30, b'0', 1129, 184),
(4571, NULL, NULL, 30, b'0', 1130, 184),
(4572, NULL, NULL, 30, b'0', 1131, 184),
(4573, NULL, NULL, 30, b'0', 1132, 184),
(4574, NULL, NULL, 30, b'0', 1133, 184),
(4575, NULL, NULL, 30, b'0', 1134, 184),
(4576, NULL, NULL, 30, b'0', 1135, 184),
(4577, NULL, NULL, 30, b'0', 1136, 184),
(4578, NULL, NULL, 30, b'0', 1137, 184),
(4579, NULL, NULL, 30, b'0', 1138, 184),
(4580, NULL, NULL, 30, b'0', 1139, 184),
(4581, NULL, NULL, 30, b'0', 1140, 184),
(4582, NULL, NULL, 30, b'0', 1141, 184),
(4583, NULL, NULL, 30, b'0', 1142, 184),
(4584, NULL, NULL, 30, b'0', 1143, 184),
(4585, NULL, NULL, 30, b'0', 1144, 184),
(4586, NULL, NULL, 30, b'0', 1145, 184),
(4587, NULL, NULL, 30, b'0', 1146, 184),
(4588, NULL, NULL, 30, b'0', 1147, 184),
(4589, NULL, NULL, 100, b'0', 1148, 185),
(4590, NULL, NULL, 100, b'0', 1149, 185),
(4591, NULL, NULL, 100, b'0', 1150, 185),
(4592, NULL, NULL, 100, b'0', 1151, 185),
(4593, NULL, NULL, 100, b'0', 1152, 185),
(4594, NULL, NULL, 100, b'0', 1153, 185),
(4595, NULL, NULL, 100, b'0', 1154, 185),
(4596, NULL, NULL, 100, b'0', 1155, 185),
(4597, NULL, NULL, 100, b'0', 1156, 185),
(4598, NULL, NULL, 100, b'0', 1157, 185),
(4599, NULL, NULL, 100, b'0', 1158, 185),
(4600, NULL, NULL, 100, b'0', 1159, 185),
(4601, NULL, NULL, 100, b'0', 1160, 185),
(4602, NULL, NULL, 100, b'0', 1161, 185),
(4603, NULL, NULL, 100, b'0', 1162, 185),
(4604, NULL, NULL, 100, b'0', 1163, 185),
(4605, NULL, NULL, 100, b'0', 1164, 185),
(4606, NULL, NULL, 100, b'0', 1165, 185),
(4607, NULL, NULL, 100, b'0', 1166, 185),
(4608, NULL, NULL, 100, b'0', 1167, 185),
(4609, NULL, NULL, 100, b'0', 1168, 185),
(4610, NULL, NULL, 100, b'0', 1169, 185),
(4611, NULL, NULL, 100, b'0', 1170, 185),
(4612, NULL, NULL, 100, b'0', 1171, 185),
(4613, NULL, NULL, 90, b'0', 1148, 186),
(4614, NULL, NULL, 90, b'0', 1149, 186),
(4615, NULL, NULL, 90, b'0', 1150, 186),
(4616, NULL, NULL, 90, b'0', 1151, 186),
(4617, NULL, NULL, 90, b'0', 1152, 186),
(4618, NULL, NULL, 90, b'0', 1153, 186),
(4619, NULL, NULL, 90, b'0', 1154, 186),
(4620, NULL, NULL, 90, b'0', 1155, 186),
(4621, NULL, NULL, 90, b'0', 1156, 186),
(4622, NULL, NULL, 90, b'0', 1157, 186),
(4623, NULL, NULL, 90, b'0', 1158, 186),
(4624, NULL, NULL, 90, b'0', 1159, 186),
(4625, NULL, NULL, 90, b'0', 1160, 186),
(4626, NULL, NULL, 90, b'0', 1161, 186),
(4627, NULL, NULL, 90, b'0', 1162, 186),
(4628, NULL, NULL, 90, b'0', 1163, 186),
(4629, NULL, NULL, 90, b'0', 1164, 186),
(4630, NULL, NULL, 90, b'0', 1165, 186),
(4631, NULL, NULL, 90, b'0', 1166, 186),
(4632, NULL, NULL, 90, b'0', 1167, 186),
(4633, NULL, NULL, 90, b'0', 1168, 186),
(4634, NULL, NULL, 90, b'0', 1169, 186),
(4635, NULL, NULL, 90, b'0', 1170, 186),
(4636, NULL, NULL, 90, b'0', 1171, 186),
(4637, NULL, NULL, 50, b'0', 1148, 187),
(4638, NULL, NULL, 50, b'0', 1149, 187),
(4639, NULL, NULL, 50, b'0', 1150, 187),
(4640, NULL, NULL, 50, b'0', 1151, 187),
(4641, NULL, NULL, 50, b'0', 1152, 187),
(4642, NULL, NULL, 50, b'0', 1153, 187),
(4643, NULL, NULL, 50, b'0', 1154, 187),
(4644, NULL, NULL, 50, b'0', 1155, 187),
(4645, NULL, NULL, 50, b'0', 1156, 187),
(4646, NULL, NULL, 50, b'0', 1157, 187),
(4647, NULL, NULL, 50, b'0', 1158, 187),
(4648, NULL, NULL, 50, b'0', 1159, 187),
(4649, NULL, NULL, 50, b'0', 1160, 187),
(4650, NULL, NULL, 50, b'0', 1161, 187),
(4651, NULL, NULL, 50, b'0', 1162, 187),
(4652, NULL, NULL, 50, b'0', 1163, 187),
(4653, NULL, NULL, 50, b'0', 1164, 187),
(4654, NULL, NULL, 50, b'0', 1165, 187),
(4655, NULL, NULL, 50, b'0', 1166, 187),
(4656, NULL, NULL, 50, b'0', 1167, 187),
(4657, NULL, NULL, 50, b'0', 1168, 187),
(4658, NULL, NULL, 50, b'0', 1169, 187),
(4659, NULL, NULL, 50, b'0', 1170, 187),
(4660, NULL, NULL, 50, b'0', 1171, 187),
(4661, NULL, NULL, 90, b'0', 1148, 188),
(4662, NULL, NULL, 90, b'0', 1149, 188),
(4663, NULL, NULL, 90, b'0', 1150, 188),
(4664, NULL, NULL, 90, b'0', 1151, 188),
(4665, NULL, NULL, 90, b'0', 1152, 188),
(4666, NULL, NULL, 90, b'0', 1153, 188),
(4667, NULL, NULL, 90, b'0', 1154, 188),
(4668, NULL, NULL, 90, b'0', 1155, 188),
(4669, NULL, NULL, 90, b'0', 1156, 188),
(4670, NULL, NULL, 90, b'0', 1157, 188),
(4671, NULL, NULL, 90, b'0', 1158, 188),
(4672, NULL, NULL, 90, b'0', 1159, 188),
(4673, NULL, NULL, 90, b'0', 1160, 188),
(4674, NULL, NULL, 90, b'0', 1161, 188),
(4675, NULL, NULL, 90, b'0', 1162, 188),
(4676, NULL, NULL, 90, b'0', 1163, 188),
(4677, NULL, NULL, 90, b'0', 1164, 188),
(4678, NULL, NULL, 90, b'0', 1165, 188),
(4679, NULL, NULL, 90, b'0', 1166, 188),
(4680, NULL, NULL, 90, b'0', 1167, 188),
(4681, NULL, NULL, 90, b'0', 1168, 188),
(4682, NULL, NULL, 90, b'0', 1169, 188),
(4683, NULL, NULL, 90, b'0', 1170, 188),
(4684, NULL, NULL, 90, b'0', 1171, 188),
(4685, NULL, NULL, 30, b'0', 1172, 189),
(4686, NULL, NULL, 30, b'0', 1173, 189),
(4687, NULL, NULL, 30, b'0', 1174, 189),
(4688, NULL, NULL, 30, b'0', 1175, 189),
(4689, NULL, NULL, 30, b'0', 1176, 189),
(4690, NULL, NULL, 30, b'0', 1177, 189),
(4691, NULL, NULL, 30, b'0', 1178, 189),
(4692, NULL, NULL, 30, b'0', 1179, 189),
(4693, NULL, NULL, 30, b'0', 1180, 189),
(4694, NULL, NULL, 30, b'0', 1181, 189),
(4695, NULL, NULL, 30, b'0', 1182, 189),
(4696, NULL, NULL, 30, b'0', 1183, 189),
(4697, NULL, NULL, 30, b'0', 1184, 189),
(4698, NULL, NULL, 30, b'0', 1185, 189),
(4699, NULL, NULL, 30, b'0', 1186, 189),
(4700, NULL, NULL, 30, b'0', 1187, 189),
(4701, NULL, NULL, 30, b'0', 1188, 189),
(4702, NULL, NULL, 30, b'0', 1189, 189),
(4703, NULL, NULL, 30, b'0', 1190, 189),
(4704, NULL, NULL, 100, b'0', 1172, 190),
(4705, NULL, NULL, 100, b'0', 1173, 190),
(4706, NULL, NULL, 100, b'0', 1174, 190),
(4707, NULL, NULL, 100, b'0', 1175, 190),
(4708, NULL, NULL, 100, b'0', 1176, 190),
(4709, NULL, NULL, 100, b'0', 1177, 190),
(4710, NULL, NULL, 100, b'0', 1178, 190),
(4711, NULL, NULL, 100, b'0', 1179, 190),
(4712, NULL, NULL, 100, b'0', 1180, 190),
(4713, NULL, NULL, 100, b'0', 1181, 190),
(4714, NULL, NULL, 100, b'0', 1182, 190),
(4715, NULL, NULL, 100, b'0', 1183, 190),
(4716, NULL, NULL, 100, b'0', 1184, 190),
(4717, NULL, NULL, 100, b'0', 1185, 190),
(4718, NULL, NULL, 100, b'0', 1186, 190),
(4719, NULL, NULL, 100, b'0', 1187, 190),
(4720, NULL, NULL, 100, b'0', 1188, 190),
(4721, NULL, NULL, 100, b'0', 1189, 190),
(4722, NULL, NULL, 100, b'0', 1190, 190),
(4723, NULL, NULL, 30, b'0', 1172, 191),
(4724, NULL, NULL, 30, b'0', 1173, 191),
(4725, NULL, NULL, 30, b'0', 1174, 191),
(4726, NULL, NULL, 30, b'0', 1175, 191),
(4727, NULL, NULL, 30, b'0', 1176, 191),
(4728, NULL, NULL, 30, b'0', 1177, 191),
(4729, NULL, NULL, 30, b'0', 1178, 191),
(4730, NULL, NULL, 30, b'0', 1179, 191),
(4731, NULL, NULL, 30, b'0', 1180, 191),
(4732, NULL, NULL, 30, b'0', 1181, 191),
(4733, NULL, NULL, 30, b'0', 1182, 191),
(4734, NULL, NULL, 30, b'0', 1183, 191),
(4735, NULL, NULL, 30, b'0', 1184, 191),
(4736, NULL, NULL, 30, b'0', 1185, 191),
(4737, NULL, NULL, 30, b'0', 1186, 191),
(4738, NULL, NULL, 30, b'0', 1187, 191),
(4739, NULL, NULL, 30, b'0', 1188, 191),
(4740, NULL, NULL, 30, b'0', 1189, 191),
(4741, NULL, NULL, 30, b'0', 1190, 191),
(4742, NULL, NULL, 90, b'0', 1172, 192),
(4743, NULL, NULL, 90, b'0', 1173, 192),
(4744, NULL, NULL, 90, b'0', 1174, 192),
(4745, NULL, NULL, 90, b'0', 1175, 192),
(4746, NULL, NULL, 90, b'0', 1176, 192),
(4747, NULL, NULL, 90, b'0', 1177, 192),
(4748, NULL, NULL, 90, b'0', 1178, 192),
(4749, NULL, NULL, 90, b'0', 1179, 192),
(4750, NULL, NULL, 90, b'0', 1180, 192),
(4751, NULL, NULL, 90, b'0', 1181, 192),
(4752, NULL, NULL, 90, b'0', 1182, 192),
(4753, NULL, NULL, 90, b'0', 1183, 192),
(4754, NULL, NULL, 90, b'0', 1184, 192),
(4755, NULL, NULL, 90, b'0', 1185, 192),
(4756, NULL, NULL, 90, b'0', 1186, 192),
(4757, NULL, NULL, 90, b'0', 1187, 192),
(4758, NULL, NULL, 90, b'0', 1188, 192),
(4759, NULL, NULL, 90, b'0', 1189, 192),
(4760, NULL, NULL, 90, b'0', 1190, 192);

-- --------------------------------------------------------

--
-- Structure de la table `ville`
--

CREATE TABLE `ville` (
  `id` bigint(20) NOT NULL,
  `altitude` double NOT NULL,
  `latitude` double NOT NULL,
  `longitude` double NOT NULL,
  `name` varchar(255) DEFAULT NULL
) ENGINE=MyISAM DEFAULT CHARSET=latin1;

--
-- Contenu de la table `ville`
--

INSERT INTO `ville` (`id`, `altitude`, `latitude`, `longitude`, `name`) VALUES
(1, 0, 0, 0, 'Casa'),
(2, 0, 0, 0, 'Marak'),
(3, 0, 0, 0, 'Khenifra');

--
-- Index pour les tables exportées
--

--
-- Index pour la table `categorie`
--
ALTER TABLE `categorie`
  ADD PRIMARY KEY (`id`);

--
-- Index pour la table `cinema`
--
ALTER TABLE `cinema`
  ADD PRIMARY KEY (`id`),
  ADD KEY `FKlvtp8ai7p3s64ortjn45txnmb` (`ville_id`);

--
-- Index pour la table `film`
--
ALTER TABLE `film`
  ADD PRIMARY KEY (`id`),
  ADD KEY `FK3279817n8796ys3exdnkn0l0x` (`categorie_id`);

--
-- Index pour la table `place`
--
ALTER TABLE `place`
  ADD PRIMARY KEY (`id`),
  ADD KEY `FK548htv3lw7hnylornkfyccoo4` (`salle_id`);

--
-- Index pour la table `projection`
--
ALTER TABLE `projection`
  ADD PRIMARY KEY (`id`),
  ADD KEY `FKg6aqxjqt8xgmhmu2pqvie6nju` (`film_id`),
  ADD KEY `FK6guch8adsxyfdmkig8he2ymoh` (`salle_id`),
  ADD KEY `FKrenggl3x7nvjpsy37dmgb43g9` (`seance_id`);

--
-- Index pour la table `salle`
--
ALTER TABLE `salle`
  ADD PRIMARY KEY (`id`),
  ADD KEY `FKh6hhnbcib3luf00t8n8scwdha` (`cinema_id`);

--
-- Index pour la table `seance`
--
ALTER TABLE `seance`
  ADD PRIMARY KEY (`id`);

--
-- Index pour la table `ticket`
--
ALTER TABLE `ticket`
  ADD PRIMARY KEY (`id`),
  ADD KEY `FK7lqw2qck0hjiyt81t37u3qki4` (`place_id`),
  ADD KEY `FKfkd2tmboe3qm5ey5ltm8wx478` (`projection_id`);

--
-- Index pour la table `ville`
--
ALTER TABLE `ville`
  ADD PRIMARY KEY (`id`);

--
-- AUTO_INCREMENT pour les tables exportées
--

--
-- AUTO_INCREMENT pour la table `categorie`
--
ALTER TABLE `categorie`
  MODIFY `id` bigint(20) NOT NULL AUTO_INCREMENT, AUTO_INCREMENT=4;
--
-- AUTO_INCREMENT pour la table `cinema`
--
ALTER TABLE `cinema`
  MODIFY `id` bigint(20) NOT NULL AUTO_INCREMENT, AUTO_INCREMENT=10;
--
-- AUTO_INCREMENT pour la table `film`
--
ALTER TABLE `film`
  MODIFY `id` bigint(20) NOT NULL AUTO_INCREMENT, AUTO_INCREMENT=7;
--
-- AUTO_INCREMENT pour la table `place`
--
ALTER TABLE `place`
  MODIFY `id` bigint(20) NOT NULL AUTO_INCREMENT, AUTO_INCREMENT=1191;
--
-- AUTO_INCREMENT pour la table `projection`
--
ALTER TABLE `projection`
  MODIFY `id` bigint(20) NOT NULL AUTO_INCREMENT, AUTO_INCREMENT=193;
--
-- AUTO_INCREMENT pour la table `salle`
--
ALTER TABLE `salle`
  MODIFY `id` bigint(20) NOT NULL AUTO_INCREMENT, AUTO_INCREMENT=49;
--
-- AUTO_INCREMENT pour la table `seance`
--
ALTER TABLE `seance`
  MODIFY `id` bigint(20) NOT NULL AUTO_INCREMENT, AUTO_INCREMENT=5;
--
-- AUTO_INCREMENT pour la table `ticket`
--
ALTER TABLE `ticket`
  MODIFY `id` bigint(20) NOT NULL AUTO_INCREMENT, AUTO_INCREMENT=4761;
--
-- AUTO_INCREMENT pour la table `ville`
--
ALTER TABLE `ville`
  MODIFY `id` bigint(20) NOT NULL AUTO_INCREMENT, AUTO_INCREMENT=4;
/*!40101 SET CHARACTER_SET_CLIENT=@OLD_CHARACTER_SET_CLIENT */;
/*!40101 SET CHARACTER_SET_RESULTS=@OLD_CHARACTER_SET_RESULTS */;
/*!40101 SET COLLATION_CONNECTION=@OLD_COLLATION_CONNECTION */;
